PROJECTCODE;SPEC_ID;SPECCOND_ID;SPECTAX;SPECTAXPRIO;SPECGR1;SPECGR2;SPECGEN;SPECSP;SPECCLAS;SEX;N;DET;REC;AUCT;SRC;CONF;Data_Source;Data_Status;Date_Encodage;Date_Modification;CONDCOND_ID;CONDSTAT_ID;DAT2;CAPT;MICR;CONDTAX;CONDTAXPRIO;CONDGR1;CONDGR2;CONDGEN;CONDSP;STATSTAT_ID;COORD_CONV;PROJECT_ID;STATCODE;TOPO;LOCA;FIPS;ORIG;DATUM;UTM;LATI;LONG;ALTI;stat_memo;Localité;Code;Coordonnées GPS;Field4;Surface (m2);Protection;milieu;Statut;Type d'environnement;listeplante_Nom_latin;Famille;Nom vulgaire;Début;Fin;Indigène;Mellifère;Milieu 1;Milieu 2;ID;espece;ITD;STI (T° index);SCI (continentality index);Lectisme;Nesting;Overwintering location;seasons;Field12;Sociality;Statut_IUCN
DEFAUT;194;120;Bombus pascuorum floralis;Bombus pascuorum floralis;HYMENOPTERA;APIDAE;Bombus;pascuorum;;F;1;FIORDALISO W;LOOCKX M;FIORDALISO W;2;2;BDFGM_Mons;0;11/01/2021;11/01/2021;120;10;20200524;Filet;RQ;;;;;;;10;FALSE;1;MLM10;Planoi Site 2;Braine-le-Comte;BE03;deg +50.62892 +4.1895;WGS84;31UES8422309445;50,62892151;4,189499855;135;Zone étrépée;Braine-le-Comte;MLM10;50.62890°N;4.18947°E;204;TRUE;Réserve;Réserve;Milieu semi-naturel (ancienne sablière);;;;;;FALSE;FALSE;;;187;Bombus pascuorum floralis;4,32;7,8985;5,7894;Polylectic;Mix;Under ground;Spring:Autumn;;Primitivelyeusocial;LC
DEFAUT;97;121;Anthophora bimaculata;Anthophora bimaculata;HYMENOPTERA;APIDAE;Anthophora;bimaculata;;M;4;WOOD T;LOOCKX M;WOOD T;2;2;BDFGM_Mons;0;23/11/2020;23/11/2020;121;10;20200622;Filet;Fleur;Rubus fruticosus;Rubus fruticosus;DICOTYLEDONE;ROSACEAE;Rubus;fruticosus;10;FALSE;1;MLM10;Planoi Site 2;Braine-le-Comte;BE03;deg +50.62892 +4.1895;WGS84;31UES8422309445;50,62892151;4,189499855;135;Zone étrépée;Braine-le-Comte;MLM10;50.62890°N;4.18947°E;204;TRUE;Réserve;Réserve;Milieu semi-naturel (ancienne sablière);Rubus fruticosus;;;;;TRUE;FALSE;;;23;Anthophora bimaculata;5,64;11,2639;5,2761;Polylectic b;Underground;;Summer;;Solitary;CR
DEFAUT;221;121;Terrestribombus  sp.;Bombus (Bombus)  sp.;HYMENOPTERA;APIDAE;Bombus;(Bombus);;W;7;RASMONT P;LOOCKX M;RASMONT P;2;2;BDFGM_Mons;0;11/01/2021;11/01/2021;121;10;20200622;Filet;Fleur;Rubus fruticosus;Rubus fruticosus;DICOTYLEDONE;ROSACEAE;Rubus;fruticosus;10;FALSE;1;MLM10;Planoi Site 2;Braine-le-Comte;BE03;deg +50.62892 +4.1895;WGS84;31UES8422309445;50,62892151;4,189499855;135;Zone étrépée;Braine-le-Comte;MLM10;50.62890°N;4.18947°E;204;TRUE;Réserve;Réserve;Milieu semi-naturel (ancienne sablière);Rubus fruticosus;;;;;TRUE;FALSE;;;181;Bombus (Bombus)  sp.;6,15;8,6161;5,9154;Polylectic;Mix;Under ground;Spring:Autumn;;Primitivelyeusocial;LC
DEFAUT;298;121;Bombus sylvestris;Bombus sylvestris;HYMENOPTERA;APIDAE;Bombus;sylvestris;;M;1;FIORDALISO W;LOOCKX M;FIORDALISO W;2;2;BDFGM_Mons;0;22/01/2021;22/01/2021;121;10;20200622;Filet;Fleur;Rubus fruticosus;Rubus fruticosus;DICOTYLEDONE;ROSACEAE;Rubus;fruticosus;10;FALSE;1;MLM10;Planoi Site 2;Braine-le-Comte;BE03;deg +50.62892 +4.1895;WGS84;31UES8422309445;50,62892151;4,189499855;135;Zone étrépée;Braine-le-Comte;MLM10;50.62890°N;4.18947°E;204;TRUE;Réserve;Réserve;Milieu semi-naturel (ancienne sablière);Rubus fruticosus;;;;;TRUE;FALSE;;;38;Bombus sylvestris;4,95;6,3558;6,2926;Polylectic;Mix;Under ground;Spring:Autumn;;Socialparasite;LC
DEFAUT;337;121;Bombus hortorum;Bombus hortorum;HYMENOPTERA;APIDAE;Bombus;hortorum;;M;1;FIORDALISO W;LOOCKX M;FIORDALISO W;2;2;BDFGM_Mons;0;22/01/2021;22/01/2021;121;10;20200622;Filet;Fleur;Rubus fruticosus;Rubus fruticosus;DICOTYLEDONE;ROSACEAE;Rubus;fruticosus;10;FALSE;1;MLM10;Planoi Site 2;Braine-le-Comte;BE03;deg +50.62892 +4.1895;WGS84;31UES8422309445;50,62892151;4,189499855;135;Zone étrépée;Braine-le-Comte;MLM10;50.62890°N;4.18947°E;204;TRUE;Réserve;Réserve;Milieu semi-naturel (ancienne sablière);Rubus fruticosus;;;;;TRUE;FALSE;;;31;Bombus hortorum;5,83;7,5183;5,3796;Polylectic;Mix;Under ground;Spring:Autumn;;Primitivelyeusocial;NT
DEFAUT;110;122;Bombus pascuorum floralis;Bombus pascuorum floralis;HYMENOPTERA;APIDAE;Bombus;pascuorum;;W;27;FIORDALISO W;LOOCKX M;FIORDALISO W;2;2;BDFGM_Mons;0;07/01/2021;22/01/2021;122;10;20200721;Filet;Fleur;Teucrium scorodonia;Teucrium scorodonia;DICOTYLEDONE;LABIATAE;Teucrium;scorodonia;10;FALSE;1;MLM10;Planoi Site 2;Braine-le-Comte;BE03;deg +50.62892 +4.1895;WGS84;31UES8422309445;50,62892151;4,189499855;135;Zone étrépée;Braine-le-Comte;MLM10;50.62890°N;4.18947°E;204;TRUE;Réserve;Réserve;Milieu semi-naturel (ancienne sablière);Teucrium scorodonia;;;;;TRUE;TRUE;;;187;Bombus pascuorum floralis;4,32;7,8985;5,7894;Polylectic;Mix;Under ground;Spring:Autumn;;Primitivelyeusocial;LC
DEFAUT;222;122;Terrestribombus  sp.;Bombus (Bombus)  sp.;HYMENOPTERA;APIDAE;Bombus;(Bombus);;W;2;RASMONT P;LOOCKX M;RASMONT P;2;2;BDFGM_Mons;0;11/01/2021;11/01/2021;122;10;20200721;Filet;Fleur;Teucrium scorodonia;Teucrium scorodonia;DICOTYLEDONE;LABIATAE;Teucrium;scorodonia;10;FALSE;1;MLM10;Planoi Site 2;Braine-le-Comte;BE03;deg +50.62892 +4.1895;WGS84;31UES8422309445;50,62892151;4,189499855;135;Zone étrépée;Braine-le-Comte;MLM10;50.62890°N;4.18947°E;204;TRUE;Réserve;Réserve;Milieu semi-naturel (ancienne sablière);Teucrium scorodonia;;;;;TRUE;TRUE;;;181;Bombus (Bombus)  sp.;6,15;8,6161;5,9154;Polylectic;Mix;Under ground;Spring:Autumn;;Primitivelyeusocial;LC
DEFAUT;246;122;Bombus terrestris terrestris;Bombus terrestris terrestris;HYMENOPTERA;APIDAE;Bombus;terrestris;;M;10;RASMONT P;LOOCKX M;RASMONT P;2;2;BDFGM_Mons;0;11/01/2021;11/01/2021;122;10;20200721;Filet;Fleur;Teucrium scorodonia;Teucrium scorodonia;DICOTYLEDONE;LABIATAE;Teucrium;scorodonia;10;FALSE;1;MLM10;Planoi Site 2;Braine-le-Comte;BE03;deg +50.62892 +4.1895;WGS84;31UES8422309445;50,62892151;4,189499855;135;Zone étrépée;Braine-le-Comte;MLM10;50.62890°N;4.18947°E;204;TRUE;Réserve;Réserve;Milieu semi-naturel (ancienne sablière);Teucrium scorodonia;;;;;TRUE;TRUE;;;188;Bombus terrestris terrestris;6,15;8,6161;5,9154;Polylectic;Mix;Under ground;Spring:Autumn;;Primitivelyeusocial;LC
DEFAUT;285;122;Bombus lucorum;Bombus lucorum;HYMENOPTERA;APIDAE;Bombus;lucorum;;M;10;FIORDALISO W;LOOCKX M;FIORDALISO W;2;2;BDFGM_Mons;0;22/01/2021;22/01/2021;122;10;20200721;Filet;Fleur;Teucrium scorodonia;Teucrium scorodonia;DICOTYLEDONE;LABIATAE;Teucrium;scorodonia;10;FALSE;1;MLM10;Planoi Site 2;Braine-le-Comte;BE03;deg +50.62892 +4.1895;WGS84;31UES8422309445;50,62892151;4,189499855;135;Zone étrépée;Braine-le-Comte;MLM10;50.62890°N;4.18947°E;204;TRUE;Réserve;Réserve;Milieu semi-naturel (ancienne sablière);Teucrium scorodonia;;;;;TRUE;TRUE;;;34;Bombus lucorum;6,37;7,107;5,5011;Polylectic;Underground;;Spring:Autumn;;Primitivelyeusocial;NT
DEFAUT;307;122;Bombus vestalis;Bombus vestalis;HYMENOPTERA;APIDAE;Bombus;vestalis;;M;5;FIORDALISO W;LOOCKX M;FIORDALISO W;2;2;BDFGM_Mons;0;22/01/2021;22/01/2021;122;10;20200721;Filet;Fleur;Teucrium scorodonia;Teucrium scorodonia;DICOTYLEDONE;LABIATAE;Teucrium;scorodonia;10;FALSE;1;MLM10;Planoi Site 2;Braine-le-Comte;BE03;deg +50.62892 +4.1895;WGS84;31UES8422309445;50,62892151;4,189499855;135;Zone étrépée;Braine-le-Comte;MLM10;50.62890°N;4.18947°E;204;TRUE;Réserve;Réserve;Milieu semi-naturel (ancienne sablière);Teucrium scorodonia;;;;;TRUE;TRUE;;;40;Bombus vestalis;6,1;9,2926;5,034;Polylectic;Mix;;Spring:Autumn;;Social parasite;NT
DEFAUT;95;123;Andrena fuscipes;Andrena fuscipes;HYMENOPTERA;ANDRENIDAE;Andrena;fuscipes;;M;1;WOOD T;LOOCKX M;WOOD T;2;2;BDFGM_Mons;0;23/11/2020;23/11/2020;123;10;20200811;Filet;Fleur;Calluna vulgaris;Calluna vulgaris;DICOTYLEDONE;ERICACEAE;Calluna;vulgaris;10;FALSE;1;MLM10;Planoi Site 2;Braine-le-Comte;BE03;deg +50.62892 +4.1895;WGS84;31UES8422309445;50,62892151;4,189499855;135;Zone étrépée;Braine-le-Comte;MLM10;50.62890°N;4.18947°E;204;TRUE;Réserve;Réserve;Milieu semi-naturel (ancienne sablière);Calluna vulgaris;ERICACEAE;Bruyère commune;Août;Septembre;TRUE;1;Sec;;120;Andrena fuscipes;2,03;6,8414;6,4625;Oligolectic;Underground;Under ground;Summer;;Solitary;LC
DEFAUT;96;123;Andrena fuscipes;Andrena fuscipes;HYMENOPTERA;ANDRENIDAE;Andrena;fuscipes;;F;2;WOOD T;LOOCKX M;WOOD T;2;2;BDFGM_Mons;0;23/11/2020;23/11/2020;123;10;20200811;Filet;Fleur;Calluna vulgaris;Calluna vulgaris;DICOTYLEDONE;ERICACEAE;Calluna;vulgaris;10;FALSE;1;MLM10;Planoi Site 2;Braine-le-Comte;BE03;deg +50.62892 +4.1895;WGS84;31UES8422309445;50,62892151;4,189499855;135;Zone étrépée;Braine-le-Comte;MLM10;50.62890°N;4.18947°E;204;TRUE;Réserve;Réserve;Milieu semi-naturel (ancienne sablière);Calluna vulgaris;ERICACEAE;Bruyère commune;Août;Septembre;TRUE;1;Sec;;120;Andrena fuscipes;2,03;6,8414;6,4625;Oligolectic;Underground;Under ground;Summer;;Solitary;LC
DEFAUT;98;123;Nomada rufipes;Nomada rufipes;HYMENOPTERA;APIDAE;Nomada;rufipes;;M;3;WOOD T;LOOCKX M;WOOD T;2;2;BDFGM_Mons;0;23/11/2020;23/11/2020;123;10;20200811;Filet;Fleur;Calluna vulgaris;Calluna vulgaris;DICOTYLEDONE;ERICACEAE;Calluna;vulgaris;10;FALSE;1;MLM10;Planoi Site 2;Braine-le-Comte;BE03;deg +50.62892 +4.1895;WGS84;31UES8422309445;50,62892151;4,189499855;135;Zone étrépée;Braine-le-Comte;MLM10;50.62890°N;4.18947°E;204;TRUE;Réserve;Réserve;Milieu semi-naturel (ancienne sablière);Calluna vulgaris;ERICACEAE;Bruyère commune;Août;Septembre;TRUE;1;Sec;;148;Nomada rufipes;1,87;7,4955;5,8815;Oligolectic;Underground;Under ground;Summer:Autumn;;Cleptoparasite;NT
DEFAUT;147;123;Bombus pascuorum floralis;Bombus pascuorum floralis;HYMENOPTERA;APIDAE;Bombus;pascuorum;;W;5;FIORDALISO W;LOOCKX M;FIORDALISO W;2;2;BDFGM_Mons;0;08/01/2021;08/01/2021;123;10;20200811;Filet;Fleur;Calluna vulgaris;Calluna vulgaris;DICOTYLEDONE;ERICACEAE;Calluna;vulgaris;10;FALSE;1;MLM10;Planoi Site 2;Braine-le-Comte;BE03;deg +50.62892 +4.1895;WGS84;31UES8422309445;50,62892151;4,189499855;135;Zone étrépée;Braine-le-Comte;MLM10;50.62890°N;4.18947°E;204;TRUE;Réserve;Réserve;Milieu semi-naturel (ancienne sablière);Calluna vulgaris;ERICACEAE;Bruyère commune;Août;Septembre;TRUE;1;Sec;;187;Bombus pascuorum floralis;4,32;7,8985;5,7894;Polylectic;Mix;Under ground;Spring:Autumn;;Primitivelyeusocial;LC
DEFAUT;262;123;Terrestribombus  sp.;Bombus (Bombus)  sp.;HYMENOPTERA;APIDAE;Bombus;(Bombus);;F;1;RASMONT P;LOOCKX M;RASMONT P;2;2;BDFGM_Mons;0;11/01/2021;11/01/2021;123;10;20200811;Filet;Fleur;Calluna vulgaris;Calluna vulgaris;DICOTYLEDONE;ERICACEAE;Calluna;vulgaris;10;FALSE;1;MLM10;Planoi Site 2;Braine-le-Comte;BE03;deg +50.62892 +4.1895;WGS84;31UES8422309445;50,62892151;4,189499855;135;Zone étrépée;Braine-le-Comte;MLM10;50.62890°N;4.18947°E;204;TRUE;Réserve;Réserve;Milieu semi-naturel (ancienne sablière);Calluna vulgaris;ERICACEAE;Bruyère commune;Août;Septembre;TRUE;1;Sec;;181;Bombus (Bombus)  sp.;6,15;8,6161;5,9154;Polylectic;Mix;Under ground;Spring:Autumn;;Primitivelyeusocial;LC
DEFAUT;175;123;Bombus pascuorum floralis;Bombus pascuorum floralis;HYMENOPTERA;APIDAE;Bombus;pascuorum;;M;3;FIORDALISO W;LOOCKX M;FIORDALISO W;2;2;BDFGM_Mons;0;11/01/2021;11/01/2021;123;10;20200811;Filet;Fleur;Calluna vulgaris;Calluna vulgaris;DICOTYLEDONE;ERICACEAE;Calluna;vulgaris;10;FALSE;1;MLM10;Planoi Site 2;Braine-le-Comte;BE03;deg +50.62892 +4.1895;WGS84;31UES8422309445;50,62892151;4,189499855;135;Zone étrépée;Braine-le-Comte;MLM10;50.62890°N;4.18947°E;204;TRUE;Réserve;Réserve;Milieu semi-naturel (ancienne sablière);Calluna vulgaris;ERICACEAE;Bruyère commune;Août;Septembre;TRUE;1;Sec;;187;Bombus pascuorum floralis;4,32;7,8985;5,7894;Polylectic;Mix;Under ground;Spring:Autumn;;Primitivelyeusocial;LC
DEFAUT;146;124;Bombus pascuorum floralis;Bombus pascuorum floralis;HYMENOPTERA;APIDAE;Bombus;pascuorum;;W;3;FIORDALISO W;LOOCKX M;FIORDALISO W;2;2;BDFGM_Mons;0;08/01/2021;11/01/2021;124;10;20200811;Filet;Fleur;Teucrium scorodonia;Teucrium scorodonia;DICOTYLEDONE;LABIATAE;Teucrium;scorodonia;10;FALSE;1;MLM10;Planoi Site 2;Braine-le-Comte;BE03;deg +50.62892 +4.1895;WGS84;31UES8422309445;50,62892151;4,189499855;135;Zone étrépée;Braine-le-Comte;MLM10;50.62890°N;4.18947°E;204;TRUE;Réserve;Réserve;Milieu semi-naturel (ancienne sablière);Teucrium scorodonia;;;;;TRUE;TRUE;;;187;Bombus pascuorum floralis;4,32;7,8985;5,7894;Polylectic;Mix;Under ground;Spring:Autumn;;Primitivelyeusocial;LC
DEFAUT;176;124;Bombus pascuorum floralis;Bombus pascuorum floralis;HYMENOPTERA;APIDAE;Bombus;pascuorum;;M;4;FIORDALISO W;LOOCKX M;FIORDALISO W;2;2;BDFGM_Mons;0;11/01/2021;11/01/2021;124;10;20200811;Filet;Fleur;Teucrium scorodonia;Teucrium scorodonia;DICOTYLEDONE;LABIATAE;Teucrium;scorodonia;10;FALSE;1;MLM10;Planoi Site 2;Braine-le-Comte;BE03;deg +50.62892 +4.1895;WGS84;31UES8422309445;50,62892151;4,189499855;135;Zone étrépée;Braine-le-Comte;MLM10;50.62890°N;4.18947°E;204;TRUE;Réserve;Réserve;Milieu semi-naturel (ancienne sablière);Teucrium scorodonia;;;;;TRUE;TRUE;;;187;Bombus pascuorum floralis;4,32;7,8985;5,7894;Polylectic;Mix;Under ground;Spring:Autumn;;Primitivelyeusocial;LC
DEFAUT;177;125;Bombus pascuorum floralis;Bombus pascuorum floralis;HYMENOPTERA;APIDAE;Bombus;pascuorum;;M;1;FIORDALISO W;LOOCKX M;FIORDALISO W;2;2;BDFGM_Mons;0;11/01/2021;11/01/2021;125;10;20200811;Filet;Fleur;Chamerion angustifolium;Epilobium angustifolium;DICOTYLEDONE;ONAGRACEAE;Epilobium;angustifolium;10;FALSE;1;MLM10;Planoi Site 2;Braine-le-Comte;BE03;deg +50.62892 +4.1895;WGS84;31UES8422309445;50,62892151;4,189499855;135;Zone étrépée;Braine-le-Comte;MLM10;50.62890°N;4.18947°E;204;TRUE;Réserve;Réserve;Milieu semi-naturel (ancienne sablière);Epilobium angustifolium;ONAGRACEAE;Epilobe en épis;Juillet;Août;TRUE;1;Humide;;187;Bombus pascuorum floralis;4,32;7,8985;5,7894;Polylectic;Mix;Under ground;Spring:Autumn;;Primitivelyeusocial;LC
DEFAUT;8;73;Halictus scabiosae;Halictus scabiosae;HYMENOPTERA;HALICTIDAE;Halictus;scabiosae;;F;5;WOOD T;LOOCKX M;WOOD T;2;2;BDFGM_Mons;0;19/11/2020;19/11/2020;73;14;20200525;Filet;Fleur;Centaurea jacea;Centaurea jacea;DICOTYLEDONE;COMPOSITAE;Centaurea;jacea;14;FALSE;1;MLM14;Nocarcentre Site 2;Ecaussines;BE03;deg +50.55422 +4.14058;WGS84;31UES8089101085;50,55421829;4,140580177;125;Chemin rocailleux en pente menant au site 1.;Ecaussines;MLM14;50.55422°N;4.14063°E;821;TRUE;Réserve;Réserve;Milieu semi-naturel (ancienne carrière de roches massives);Centaurea jacea;ASTERACEAE;Centaurée jacée;Juillet;Octobre;FALSE;TRUE;;;60;Halictus scabiosae;2,44;10,5749;6,1899;Polylectic;Underground;;Spring:Summer;;Primitivelyeusocial;LC
DEFAUT;56;73;Anthidium punctatum;Anthidium punctatum;HYMENOPTERA;MEGACHILIDAE;Anthidium;punctatum;;F;1;WOOD T;LOOCKX M;WOOD T;2;2;BDFGM_Mons;0;20/11/2020;20/11/2020;73;14;20200525;Filet;Fleur;Centaurea jacea;Centaurea jacea;DICOTYLEDONE;COMPOSITAE;Centaurea;jacea;14;FALSE;1;MLM14;Nocarcentre Site 2;Ecaussines;BE03;deg +50.55422 +4.14058;WGS84;31UES8089101085;50,55421829;4,140580177;125;Chemin rocailleux en pente menant au site 1.;Ecaussines;MLM14;50.55422°N;4.14063°E;821;TRUE;Réserve;Réserve;Milieu semi-naturel (ancienne carrière de roches massives);Centaurea jacea;ASTERACEAE;Centaurée jacée;Juillet;Octobre;FALSE;TRUE;;;22;Anthidium punctatum;2,71;6,6848;7,1457;Polylectic b;Underground;Above ground;Summer;;Solitary;LC
DEFAUT;57;73;Lasioglossum leucozonium;Lasioglossum leucozonium;HYMENOPTERA;HALICTIDAE;Lasioglossum;leucozonium;;F;4;WOOD T;LOOCKX M;WOOD T;2;2;BDFGM_Mons;0;20/11/2020;20/11/2020;73;14;20200525;Filet;Fleur;Centaurea jacea;Centaurea jacea;DICOTYLEDONE;COMPOSITAE;Centaurea;jacea;14;FALSE;1;MLM14;Nocarcentre Site 2;Ecaussines;BE03;deg +50.55422 +4.14058;WGS84;31UES8089101085;50,55421829;4,140580177;125;Chemin rocailleux en pente menant au site 1.;Ecaussines;MLM14;50.55422°N;4.14063°E;821;TRUE;Réserve;Réserve;Milieu semi-naturel (ancienne carrière de roches massives);Centaurea jacea;ASTERACEAE;Centaurée jacée;Juillet;Octobre;FALSE;TRUE;;;85;Lasioglossum leucozonium;1,91;8,6378;5,6333;Polylectic;Underground;Under ground;Spring:Autumn;;Solitary;LC
DEFAUT;198;73;Bombus pascuorum floralis;Bombus pascuorum floralis;HYMENOPTERA;APIDAE;Bombus;pascuorum;;W;1;FIORDALISO W;LOOCKX M;FIORDALISO W;2;2;BDFGM_Mons;0;11/01/2021;11/01/2021;73;14;20200525;Filet;Fleur;Centaurea jacea;Centaurea jacea;DICOTYLEDONE;COMPOSITAE;Centaurea;jacea;14;FALSE;1;MLM14;Nocarcentre Site 2;Ecaussines;BE03;deg +50.55422 +4.14058;WGS84;31UES8089101085;50,55421829;4,140580177;125;Chemin rocailleux en pente menant au site 1.;Ecaussines;MLM14;50.55422°N;4.14063°E;821;TRUE;Réserve;Réserve;Milieu semi-naturel (ancienne carrière de roches massives);Centaurea jacea;ASTERACEAE;Centaurée jacée;Juillet;Octobre;FALSE;TRUE;;;187;Bombus pascuorum floralis;4,32;7,8985;5,7894;Polylectic;Mix;Under ground;Spring:Autumn;;Primitivelyeusocial;LC
DEFAUT;77;74;Anthophora bimaculata;Anthophora bimaculata;HYMENOPTERA;APIDAE;Anthophora;bimaculata;;F;1;WOOD T;LOOCKX M;WOOD T;2;2;BDFGM_Mons;0;20/11/2020;20/11/2020;74;14;20200620;Filet;Fleur;Centaurea jacea;Centaurea jacea;DICOTYLEDONE;COMPOSITAE;Centaurea;jacea;14;FALSE;1;MLM14;Nocarcentre Site 2;Ecaussines;BE03;deg +50.55422 +4.14058;WGS84;31UES8089101085;50,55421829;4,140580177;125;Chemin rocailleux en pente menant au site 1.;Ecaussines;MLM14;50.55422°N;4.14063°E;821;TRUE;Réserve;Réserve;Milieu semi-naturel (ancienne carrière de roches massives);Centaurea jacea;ASTERACEAE;Centaurée jacée;Juillet;Octobre;FALSE;TRUE;;;23;Anthophora bimaculata;5,64;11,2639;5,2761;Polylectic b;Underground;;Summer;;Solitary;CR
DEFAUT;19;74;Halictus scabiosae;Halictus scabiosae;HYMENOPTERA;HALICTIDAE;Halictus;scabiosae;;M;1;WOOD T;LOOCKX M;WOOD T;2;2;BDFGM_Mons;0;20/11/2020;20/11/2020;74;14;20200620;Filet;Fleur;Centaurea jacea;Centaurea jacea;DICOTYLEDONE;COMPOSITAE;Centaurea;jacea;14;FALSE;1;MLM14;Nocarcentre Site 2;Ecaussines;BE03;deg +50.55422 +4.14058;WGS84;31UES8089101085;50,55421829;4,140580177;125;Chemin rocailleux en pente menant au site 1.;Ecaussines;MLM14;50.55422°N;4.14063°E;821;TRUE;Réserve;Réserve;Milieu semi-naturel (ancienne carrière de roches massives);Centaurea jacea;ASTERACEAE;Centaurée jacée;Juillet;Octobre;FALSE;TRUE;;;60;Halictus scabiosae;2,44;10,5749;6,1899;Polylectic;Underground;;Spring:Summer;;Primitivelyeusocial;LC
DEFAUT;264;74;Terrestribombus  sp.;Bombus (Bombus)  sp.;HYMENOPTERA;APIDAE;Bombus;(Bombus);;F;1;RASMONT P;LOOCKX M;RASMONT P;2;2;BDFGM_Mons;0;11/01/2021;11/01/2021;74;14;20200620;Filet;Fleur;Centaurea jacea;Centaurea jacea;DICOTYLEDONE;COMPOSITAE;Centaurea;jacea;14;FALSE;1;MLM14;Nocarcentre Site 2;Ecaussines;BE03;deg +50.55422 +4.14058;WGS84;31UES8089101085;50,55421829;4,140580177;125;Chemin rocailleux en pente menant au site 1.;Ecaussines;MLM14;50.55422°N;4.14063°E;821;TRUE;Réserve;Réserve;Milieu semi-naturel (ancienne carrière de roches massives);Centaurea jacea;ASTERACEAE;Centaurée jacée;Juillet;Octobre;FALSE;TRUE;;;181;Bombus (Bombus)  sp.;6,15;8,6161;5,9154;Polylectic;Mix;Under ground;Spring:Autumn;;Primitivelyeusocial;LC
DEFAUT;249;74;Bombus terrestris terrestris;Bombus terrestris terrestris;HYMENOPTERA;APIDAE;Bombus;terrestris;;M;6;RASMONT P;LOOCKX M;RASMONT P;2;2;BDFGM_Mons;0;11/01/2021;11/01/2021;74;14;20200620;Filet;Fleur;Centaurea jacea;Centaurea jacea;DICOTYLEDONE;COMPOSITAE;Centaurea;jacea;14;FALSE;1;MLM14;Nocarcentre Site 2;Ecaussines;BE03;deg +50.55422 +4.14058;WGS84;31UES8089101085;50,55421829;4,140580177;125;Chemin rocailleux en pente menant au site 1.;Ecaussines;MLM14;50.55422°N;4.14063°E;821;TRUE;Réserve;Réserve;Milieu semi-naturel (ancienne carrière de roches massives);Centaurea jacea;ASTERACEAE;Centaurée jacée;Juillet;Octobre;FALSE;TRUE;;;188;Bombus terrestris terrestris;6,15;8,6161;5,9154;Polylectic;Mix;Under ground;Spring:Autumn;;Primitivelyeusocial;LC
DEFAUT;275;74;Terrestribombus  sp.;Bombus (Bombus)  sp.;HYMENOPTERA;APIDAE;Bombus;(Bombus);;W;2;RASMONT P;LOOCKX M;RASMONT P;2;2;BDFGM_Mons;0;11/01/2021;11/01/2021;74;14;20200620;Filet;Fleur;Centaurea jacea;Centaurea jacea;DICOTYLEDONE;COMPOSITAE;Centaurea;jacea;14;FALSE;1;MLM14;Nocarcentre Site 2;Ecaussines;BE03;deg +50.55422 +4.14058;WGS84;31UES8089101085;50,55421829;4,140580177;125;Chemin rocailleux en pente menant au site 1.;Ecaussines;MLM14;50.55422°N;4.14063°E;821;TRUE;Réserve;Réserve;Milieu semi-naturel (ancienne carrière de roches massives);Centaurea jacea;ASTERACEAE;Centaurée jacée;Juillet;Octobre;FALSE;TRUE;;;181;Bombus (Bombus)  sp.;6,15;8,6161;5,9154;Polylectic;Mix;Under ground;Spring:Autumn;;Primitivelyeusocial;LC
DEFAUT;314;74;Bombus lapidarius;Bombus lapidarius;HYMENOPTERA;APIDAE;Bombus;lapidarius;;M;2;FIORDALISO W;LOOCKX M;FIORDALISO W;2;2;BDFGM_Mons;0;22/01/2021;22/01/2021;74;14;20200620;Filet;Fleur;Centaurea jacea;Centaurea jacea;DICOTYLEDONE;COMPOSITAE;Centaurea;jacea;14;FALSE;1;MLM14;Nocarcentre Site 2;Ecaussines;BE03;deg +50.55422 +4.14058;WGS84;31UES8089101085;50,55421829;4,140580177;125;Chemin rocailleux en pente menant au site 1.;Ecaussines;MLM14;50.55422°N;4.14063°E;821;TRUE;Réserve;Réserve;Milieu semi-naturel (ancienne carrière de roches massives);Centaurea jacea;ASTERACEAE;Centaurée jacée;Juillet;Octobre;FALSE;TRUE;;;33;Bombus lapidarius;6,17;8,3136;5,9263;Polylectic;Mix;Under ground;Spring:Autumn;;Primitivelyeusocial;LC
DEFAUT;308;74;Bombus vestalis;Bombus vestalis;HYMENOPTERA;APIDAE;Bombus;vestalis;;M;5;FIORDALISO W;LOOCKX M;FIORDALISO W;2;2;BDFGM_Mons;0;22/01/2021;22/01/2021;74;14;20200620;Filet;Fleur;Centaurea jacea;Centaurea jacea;DICOTYLEDONE;COMPOSITAE;Centaurea;jacea;14;FALSE;1;MLM14;Nocarcentre Site 2;Ecaussines;BE03;deg +50.55422 +4.14058;WGS84;31UES8089101085;50,55421829;4,140580177;125;Chemin rocailleux en pente menant au site 1.;Ecaussines;MLM14;50.55422°N;4.14063°E;821;TRUE;Réserve;Réserve;Milieu semi-naturel (ancienne carrière de roches massives);Centaurea jacea;ASTERACEAE;Centaurée jacée;Juillet;Octobre;FALSE;TRUE;;;40;Bombus vestalis;6,1;9,2926;5,034;Polylectic;Mix;;Spring:Autumn;;Social parasite;NT
DEFAUT;328;74;Bombus lapidarius;Bombus lapidarius;HYMENOPTERA;APIDAE;Bombus;lapidarius;;W;1;FIORDALISO W;LOOCKX M;FIORDALISO W;2;2;BDFGM_Mons;0;22/01/2021;22/01/2021;74;14;20200620;Filet;Fleur;Centaurea jacea;Centaurea jacea;DICOTYLEDONE;COMPOSITAE;Centaurea;jacea;14;FALSE;1;MLM14;Nocarcentre Site 2;Ecaussines;BE03;deg +50.55422 +4.14058;WGS84;31UES8089101085;50,55421829;4,140580177;125;Chemin rocailleux en pente menant au site 1.;Ecaussines;MLM14;50.55422°N;4.14063°E;821;TRUE;Réserve;Réserve;Milieu semi-naturel (ancienne carrière de roches massives);Centaurea jacea;ASTERACEAE;Centaurée jacée;Juillet;Octobre;FALSE;TRUE;;;33;Bombus lapidarius;6,17;8,3136;5,9263;Polylectic;Mix;Under ground;Spring:Autumn;;Primitivelyeusocial;LC
DEFAUT;250;75;Bombus terrestris terrestris;Bombus terrestris terrestris;HYMENOPTERA;APIDAE;Bombus;terrestris;;M;2;RASMONT P;LOOCKX M;RASMONT P;2;2;BDFGM_Mons;0;11/01/2021;11/01/2021;75;14;20200718;Filet;Fleur;Centaurea jacea;Centaurea jacea;DICOTYLEDONE;COMPOSITAE;Centaurea;jacea;14;FALSE;1;MLM14;Nocarcentre Site 2;Ecaussines;BE03;deg +50.55422 +4.14058;WGS84;31UES8089101085;50,55421829;4,140580177;125;Chemin rocailleux en pente menant au site 1.;Ecaussines;MLM14;50.55422°N;4.14063°E;821;TRUE;Réserve;Réserve;Milieu semi-naturel (ancienne carrière de roches massives);Centaurea jacea;ASTERACEAE;Centaurée jacée;Juillet;Octobre;FALSE;TRUE;;;188;Bombus terrestris terrestris;6,15;8,6161;5,9154;Polylectic;Mix;Under ground;Spring:Autumn;;Primitivelyeusocial;LC
DEFAUT;325;75;Bombus lapidarius;Bombus lapidarius;HYMENOPTERA;APIDAE;Bombus;lapidarius;;W;2;FIORDALISO W;LOOCKX M;FIORDALISO W;2;2;BDFGM_Mons;0;22/01/2021;22/01/2021;75;14;20200718;Filet;Fleur;Centaurea jacea;Centaurea jacea;DICOTYLEDONE;COMPOSITAE;Centaurea;jacea;14;FALSE;1;MLM14;Nocarcentre Site 2;Ecaussines;BE03;deg +50.55422 +4.14058;WGS84;31UES8089101085;50,55421829;4,140580177;125;Chemin rocailleux en pente menant au site 1.;Ecaussines;MLM14;50.55422°N;4.14063°E;821;TRUE;Réserve;Réserve;Milieu semi-naturel (ancienne carrière de roches massives);Centaurea jacea;ASTERACEAE;Centaurée jacée;Juillet;Octobre;FALSE;TRUE;;;33;Bombus lapidarius;6,17;8,3136;5,9263;Polylectic;Mix;Under ground;Spring:Autumn;;Primitivelyeusocial;LC
DEFAUT;251;76;Bombus terrestris terrestris;Bombus terrestris terrestris;HYMENOPTERA;APIDAE;Bombus;terrestris;;M;1;RASMONT P;LOOCKX M;RASMONT P;2;2;BDFGM_Mons;0;11/01/2021;11/01/2021;76;14;20200718;Filet;Fleur;Cirsium arvense;Cirsium arvense;DICOTYLEDONE;COMPOSITAE;Cirsium;arvense;14;FALSE;1;MLM14;Nocarcentre Site 2;Ecaussines;BE03;deg +50.55422 +4.14058;WGS84;31UES8089101085;50,55421829;4,140580177;125;Chemin rocailleux en pente menant au site 1.;Ecaussines;MLM14;50.55422°N;4.14063°E;821;TRUE;Réserve;Réserve;Milieu semi-naturel (ancienne carrière de roches massives);Cirsium arvense;ASTERACEAE;Cirse des champs;Juin;Septembre;TRUE;TRUE;;;188;Bombus terrestris terrestris;6,15;8,6161;5,9154;Polylectic;Mix;Under ground;Spring:Autumn;;Primitivelyeusocial;LC
DEFAUT;150;77;Bombus pascuorum floralis;Bombus pascuorum floralis;HYMENOPTERA;APIDAE;Bombus;pascuorum;;W;2;FIORDALISO W;LOOCKX M;FIORDALISO W;2;2;BDFGM_Mons;0;08/01/2021;11/01/2021;77;14;20200718;Filet;Fleur;Lotus glaber;Lotus tenuis;DICOTYLEDONE;LEGUMINOSAE;Lotus;tenuis;14;FALSE;1;MLM14;Nocarcentre Site 2;Ecaussines;BE03;deg +50.55422 +4.14058;WGS84;31UES8089101085;50,55421829;4,140580177;125;Chemin rocailleux en pente menant au site 1.;Ecaussines;MLM14;50.55422°N;4.14063°E;821;TRUE;Réserve;Réserve;Milieu semi-naturel (ancienne carrière de roches massives);Lotus tenuis;;;;;TRUE;FALSE;;;187;Bombus pascuorum floralis;4,32;7,8985;5,7894;Polylectic;Mix;Under ground;Spring:Autumn;;Primitivelyeusocial;LC
DEFAUT;326;77;Bombus lapidarius;Bombus lapidarius;HYMENOPTERA;APIDAE;Bombus;lapidarius;;W;3;FIORDALISO W;LOOCKX M;FIORDALISO W;2;2;BDFGM_Mons;0;22/01/2021;22/01/2021;77;14;20200718;Filet;Fleur;Lotus glaber;Lotus tenuis;DICOTYLEDONE;LEGUMINOSAE;Lotus;tenuis;14;FALSE;1;MLM14;Nocarcentre Site 2;Ecaussines;BE03;deg +50.55422 +4.14058;WGS84;31UES8089101085;50,55421829;4,140580177;125;Chemin rocailleux en pente menant au site 1.;Ecaussines;MLM14;50.55422°N;4.14063°E;821;TRUE;Réserve;Réserve;Milieu semi-naturel (ancienne carrière de roches massives);Lotus tenuis;;;;;TRUE;FALSE;;;33;Bombus lapidarius;6,17;8,3136;5,9263;Polylectic;Mix;Under ground;Spring:Autumn;;Primitivelyeusocial;LC
DEFAUT;75;78;Anthophora bimaculata;Anthophora bimaculata;HYMENOPTERA;APIDAE;Anthophora;bimaculata;;F;1;WOOD T;LOOCKX M;WOOD T;2;2;BDFGM_Mons;0;20/11/2020;20/11/2020;78;14;20200718;Filet;Fleur;Cirsium vulgare;Cirsium vulgare;DICOTYLEDONE;COMPOSITAE;Cirsium;vulgare;14;FALSE;1;MLM14;Nocarcentre Site 2;Ecaussines;BE03;deg +50.55422 +4.14058;WGS84;31UES8089101085;50,55421829;4,140580177;125;Chemin rocailleux en pente menant au site 1.;Ecaussines;MLM14;50.55422°N;4.14063°E;821;TRUE;Réserve;Réserve;Milieu semi-naturel (ancienne carrière de roches massives);Cirsium vulgare;ASTERACEAE;Cirse commun;Juillet;Août;TRUE;TRUE;;;23;Anthophora bimaculata;5,64;11,2639;5,2761;Polylectic b;Underground;;Summer;;Solitary;CR
DEFAUT;11;78;Halictus scabiosae;Halictus scabiosae;HYMENOPTERA;HALICTIDAE;Halictus;scabiosae;;F;2;WOOD T;LOOCKX M;WOOD T;2;2;BDFGM_Mons;0;19/11/2020;19/11/2020;78;14;20200718;Filet;Fleur;Cirsium vulgare;Cirsium vulgare;DICOTYLEDONE;COMPOSITAE;Cirsium;vulgare;14;FALSE;1;MLM14;Nocarcentre Site 2;Ecaussines;BE03;deg +50.55422 +4.14058;WGS84;31UES8089101085;50,55421829;4,140580177;125;Chemin rocailleux en pente menant au site 1.;Ecaussines;MLM14;50.55422°N;4.14063°E;821;TRUE;Réserve;Réserve;Milieu semi-naturel (ancienne carrière de roches massives);Cirsium vulgare;ASTERACEAE;Cirse commun;Juillet;Août;TRUE;TRUE;;;60;Halictus scabiosae;2,44;10,5749;6,1899;Polylectic;Underground;;Spring:Summer;;Primitivelyeusocial;LC
DEFAUT;151;78;Bombus pascuorum floralis;Bombus pascuorum floralis;HYMENOPTERA;APIDAE;Bombus;pascuorum;;W;2;FIORDALISO W;LOOCKX M;FIORDALISO W;2;2;BDFGM_Mons;0;08/01/2021;11/01/2021;78;14;20200718;Filet;Fleur;Cirsium vulgare;Cirsium vulgare;DICOTYLEDONE;COMPOSITAE;Cirsium;vulgare;14;FALSE;1;MLM14;Nocarcentre Site 2;Ecaussines;BE03;deg +50.55422 +4.14058;WGS84;31UES8089101085;50,55421829;4,140580177;125;Chemin rocailleux en pente menant au site 1.;Ecaussines;MLM14;50.55422°N;4.14063°E;821;TRUE;Réserve;Réserve;Milieu semi-naturel (ancienne carrière de roches massives);Cirsium vulgare;ASTERACEAE;Cirse commun;Juillet;Août;TRUE;TRUE;;;187;Bombus pascuorum floralis;4,32;7,8985;5,7894;Polylectic;Mix;Under ground;Spring:Autumn;;Primitivelyeusocial;LC
DEFAUT;59;79;Osmia spinulosa;Hoplosmia spinulosa;HYMENOPTERA;MEGACHILIDAE;Hoplosmia;spinulosa;;F;1;WOOD T;LOOCKX M;WOOD T;2;2;BDFGM_Mons;0;20/11/2020;20/11/2020;79;14;20200718;Filet;Fleur;Hypochoeris radicata;Hypochoeris radicata;DICOTYLEDONE;COMPOSITAE;Hypochoeris;radicata;14;FALSE;1;MLM14;Nocarcentre Site 2;Ecaussines;BE03;deg +50.55422 +4.14058;WGS84;31UES8089101085;50,55421829;4,140580177;125;Chemin rocailleux en pente menant au site 1.;Ecaussines;MLM14;50.55422°N;4.14063°E;821;TRUE;Réserve;Réserve;Milieu semi-naturel (ancienne carrière de roches massives);Hypochoeris radicata;ASTERACEAE;Porcelle enracinée;Juin;Septembre;TRUE;TRUE;;;153;Hoplosmia spinulosa;2,03;8,4165;6,825;Oligolectic;Above;;Summer;;Solitary;NT
DEFAUT;10;79;Halictus scabiosae;Halictus scabiosae;HYMENOPTERA;HALICTIDAE;Halictus;scabiosae;;F;2;WOOD T;LOOCKX M;WOOD T;2;2;BDFGM_Mons;0;19/11/2020;19/11/2020;79;14;20200718;Filet;Fleur;Hypochoeris radicata;Hypochoeris radicata;DICOTYLEDONE;COMPOSITAE;Hypochoeris;radicata;14;FALSE;1;MLM14;Nocarcentre Site 2;Ecaussines;BE03;deg +50.55422 +4.14058;WGS84;31UES8089101085;50,55421829;4,140580177;125;Chemin rocailleux en pente menant au site 1.;Ecaussines;MLM14;50.55422°N;4.14063°E;821;TRUE;Réserve;Réserve;Milieu semi-naturel (ancienne carrière de roches massives);Hypochoeris radicata;ASTERACEAE;Porcelle enracinée;Juin;Septembre;TRUE;TRUE;;;60;Halictus scabiosae;2,44;10,5749;6,1899;Polylectic;Underground;;Spring:Summer;;Primitivelyeusocial;LC
DEFAUT;327;79;Bombus lapidarius;Bombus lapidarius;HYMENOPTERA;APIDAE;Bombus;lapidarius;;W;2;FIORDALISO W;LOOCKX M;FIORDALISO W;2;2;BDFGM_Mons;0;22/01/2021;22/01/2021;79;14;20200718;Filet;Fleur;Hypochoeris radicata;Hypochoeris radicata;DICOTYLEDONE;COMPOSITAE;Hypochoeris;radicata;14;FALSE;1;MLM14;Nocarcentre Site 2;Ecaussines;BE03;deg +50.55422 +4.14058;WGS84;31UES8089101085;50,55421829;4,140580177;125;Chemin rocailleux en pente menant au site 1.;Ecaussines;MLM14;50.55422°N;4.14063°E;821;TRUE;Réserve;Réserve;Milieu semi-naturel (ancienne carrière de roches massives);Hypochoeris radicata;ASTERACEAE;Porcelle enracinée;Juin;Septembre;TRUE;TRUE;;;33;Bombus lapidarius;6,17;8,3136;5,9263;Polylectic;Mix;Under ground;Spring:Autumn;;Primitivelyeusocial;LC
DEFAUT;9;80;Halictus scabiosae;Halictus scabiosae;HYMENOPTERA;HALICTIDAE;Halictus;scabiosae;;F;5;WOOD T;LOOCKX M;WOOD T;2;2;BDFGM_Mons;0;19/11/2020;19/11/2020;80;14;20200808;Filet;Fleur;Cirsium vulgare;Cirsium vulgare;DICOTYLEDONE;COMPOSITAE;Cirsium;vulgare;14;FALSE;1;MLM14;Nocarcentre Site 2;Ecaussines;BE03;deg +50.55422 +4.14058;WGS84;31UES8089101085;50,55421829;4,140580177;125;Chemin rocailleux en pente menant au site 1.;Ecaussines;MLM14;50.55422°N;4.14063°E;821;TRUE;Réserve;Réserve;Milieu semi-naturel (ancienne carrière de roches massives);Cirsium vulgare;ASTERACEAE;Cirse commun;Juillet;Août;TRUE;TRUE;;;60;Halictus scabiosae;2,44;10,5749;6,1899;Polylectic;Underground;;Spring:Summer;;Primitivelyeusocial;LC
DEFAUT;76;80;Anthophora bimaculata;Anthophora bimaculata;HYMENOPTERA;APIDAE;Anthophora;bimaculata;;F;1;WOOD T;LOOCKX M;WOOD T;2;2;BDFGM_Mons;0;20/11/2020;20/11/2020;80;14;20200808;Filet;Fleur;Cirsium vulgare;Cirsium vulgare;DICOTYLEDONE;COMPOSITAE;Cirsium;vulgare;14;FALSE;1;MLM14;Nocarcentre Site 2;Ecaussines;BE03;deg +50.55422 +4.14058;WGS84;31UES8089101085;50,55421829;4,140580177;125;Chemin rocailleux en pente menant au site 1.;Ecaussines;MLM14;50.55422°N;4.14063°E;821;TRUE;Réserve;Réserve;Milieu semi-naturel (ancienne carrière de roches massives);Cirsium vulgare;ASTERACEAE;Cirse commun;Juillet;Août;TRUE;TRUE;;;23;Anthophora bimaculata;5,64;11,2639;5,2761;Polylectic b;Underground;;Summer;;Solitary;CR
DEFAUT;15;80;Halictus scabiosae;Halictus scabiosae;HYMENOPTERA;HALICTIDAE;Halictus;scabiosae;;M;3;WOOD T;LOOCKX M;WOOD T;2;2;BDFGM_Mons;0;20/11/2020;20/11/2020;80;14;20200808;Filet;Fleur;Cirsium vulgare;Cirsium vulgare;DICOTYLEDONE;COMPOSITAE;Cirsium;vulgare;14;FALSE;1;MLM14;Nocarcentre Site 2;Ecaussines;BE03;deg +50.55422 +4.14058;WGS84;31UES8089101085;50,55421829;4,140580177;125;Chemin rocailleux en pente menant au site 1.;Ecaussines;MLM14;50.55422°N;4.14063°E;821;TRUE;Réserve;Réserve;Milieu semi-naturel (ancienne carrière de roches massives);Cirsium vulgare;ASTERACEAE;Cirse commun;Juillet;Août;TRUE;TRUE;;;60;Halictus scabiosae;2,44;10,5749;6,1899;Polylectic;Underground;;Spring:Summer;;Primitivelyeusocial;LC
DEFAUT;184;80;Bombus pascuorum floralis;Bombus pascuorum floralis;HYMENOPTERA;APIDAE;Bombus;pascuorum;;M;2;FIORDALISO W;LOOCKX M;FIORDALISO W;2;2;BDFGM_Mons;0;11/01/2021;11/01/2021;80;14;20200808;Filet;Fleur;Cirsium vulgare;Cirsium vulgare;DICOTYLEDONE;COMPOSITAE;Cirsium;vulgare;14;FALSE;1;MLM14;Nocarcentre Site 2;Ecaussines;BE03;deg +50.55422 +4.14058;WGS84;31UES8089101085;50,55421829;4,140580177;125;Chemin rocailleux en pente menant au site 1.;Ecaussines;MLM14;50.55422°N;4.14063°E;821;TRUE;Réserve;Réserve;Milieu semi-naturel (ancienne carrière de roches massives);Cirsium vulgare;ASTERACEAE;Cirse commun;Juillet;Août;TRUE;TRUE;;;187;Bombus pascuorum floralis;4,32;7,8985;5,7894;Polylectic;Mix;Under ground;Spring:Autumn;;Primitivelyeusocial;LC
DEFAUT;315;80;Bombus lapidarius;Bombus lapidarius;HYMENOPTERA;APIDAE;Bombus;lapidarius;;M;1;FIORDALISO W;LOOCKX M;FIORDALISO W;2;2;BDFGM_Mons;0;22/01/2021;22/01/2021;80;14;20200808;Filet;Fleur;Cirsium vulgare;Cirsium vulgare;DICOTYLEDONE;COMPOSITAE;Cirsium;vulgare;14;FALSE;1;MLM14;Nocarcentre Site 2;Ecaussines;BE03;deg +50.55422 +4.14058;WGS84;31UES8089101085;50,55421829;4,140580177;125;Chemin rocailleux en pente menant au site 1.;Ecaussines;MLM14;50.55422°N;4.14063°E;821;TRUE;Réserve;Réserve;Milieu semi-naturel (ancienne carrière de roches massives);Cirsium vulgare;ASTERACEAE;Cirse commun;Juillet;Août;TRUE;TRUE;;;33;Bombus lapidarius;6,17;8,3136;5,9263;Polylectic;Mix;Under ground;Spring:Autumn;;Primitivelyeusocial;LC
DEFAUT;329;80;Bombus lapidarius;Bombus lapidarius;HYMENOPTERA;APIDAE;Bombus;lapidarius;;W;1;FIORDALISO W;LOOCKX M;FIORDALISO W;2;2;BDFGM_Mons;0;22/01/2021;22/01/2021;80;14;20200808;Filet;Fleur;Cirsium vulgare;Cirsium vulgare;DICOTYLEDONE;COMPOSITAE;Cirsium;vulgare;14;FALSE;1;MLM14;Nocarcentre Site 2;Ecaussines;BE03;deg +50.55422 +4.14058;WGS84;31UES8089101085;50,55421829;4,140580177;125;Chemin rocailleux en pente menant au site 1.;Ecaussines;MLM14;50.55422°N;4.14063°E;821;TRUE;Réserve;Réserve;Milieu semi-naturel (ancienne carrière de roches massives);Cirsium vulgare;ASTERACEAE;Cirse commun;Juillet;Août;TRUE;TRUE;;;33;Bombus lapidarius;6,17;8,3136;5,9263;Polylectic;Mix;Under ground;Spring:Autumn;;Primitivelyeusocial;LC
DEFAUT;258;97;Bombus terrestris terrestris;Bombus terrestris terrestris;HYMENOPTERA;APIDAE;Bombus;terrestris;;M;4;RASMONT P;LOOCKX M;RASMONT P;2;2;BDFGM_Mons;0;11/01/2021;11/01/2021;97;17;20200525;Filet;Fleur;Cornus sanguinea;Cornus sanguinea;DICOTYLEDONE;CORNACEAE;Cornus;sanguinea;17;FALSE;1;MLM17;Nocarcentre Site 5;Ecaussines;BE03;deg +50.56047 +4.14042;WGS84;31UES8086901779;50,56047058;4,14041996;120;Prairie et sentier.;Ecaussines;MLM17;50.56036°N;4.14030°E;921;TRUE;Réserve;Réserve;Milieu semi-naturel (ancienne carrière de roches massives);Cornus sanguinea;CORNACEAE;Cornouiller sanguin;Mai;Juin;TRUE;TRUE;;;188;Bombus terrestris terrestris;6,15;8,6161;5,9154;Polylectic;Mix;Under ground;Spring:Autumn;;Primitivelyeusocial;LC
DEFAUT;291;97;Bombus pratorum;Bombus pratorum;HYMENOPTERA;APIDAE;Bombus;pratorum;;M;1;FIORDALISO W;LOOCKX M;FIORDALISO W;2;2;BDFGM_Mons;0;22/01/2021;22/01/2021;97;17;20200525;Filet;Fleur;Cornus sanguinea;Cornus sanguinea;DICOTYLEDONE;CORNACEAE;Cornus;sanguinea;17;FALSE;1;MLM17;Nocarcentre Site 5;Ecaussines;BE03;deg +50.56047 +4.14042;WGS84;31UES8086901779;50,56047058;4,14041996;120;Prairie et sentier.;Ecaussines;MLM17;50.56036°N;4.14030°E;921;TRUE;Réserve;Réserve;Milieu semi-naturel (ancienne carrière de roches massives);Cornus sanguinea;CORNACEAE;Cornouiller sanguin;Mai;Juin;TRUE;TRUE;;;36;Bombus pratorum;5,34;6,5438;6,1244;Polylectic;Mix;Under ground;Spring:Autumn;;Primitivelyeusocial;LC
DEFAUT;336;97;Bombus hypnorum;Bombus hypnorum;HYMENOPTERA;APIDAE;Bombus;hypnorum;;M;2;FIORDALISO W;LOOCKX M;FIORDALISO W;2;2;BDFGM_Mons;0;22/01/2021;22/01/2021;97;17;20200525;Filet;Fleur;Cornus sanguinea;Cornus sanguinea;DICOTYLEDONE;CORNACEAE;Cornus;sanguinea;17;FALSE;1;MLM17;Nocarcentre Site 5;Ecaussines;BE03;deg +50.56047 +4.14042;WGS84;31UES8086901779;50,56047058;4,14041996;120;Prairie et sentier.;Ecaussines;MLM17;50.56036°N;4.14030°E;921;TRUE;Réserve;Réserve;Milieu semi-naturel (ancienne carrière de roches massives);Cornus sanguinea;CORNACEAE;Cornouiller sanguin;Mai;Juin;TRUE;TRUE;;;32;Bombus hypnorum;6;6,1941;6,691;Polylectic;Above;Under ground;Spring:Autumn;;Primitivelyeusocial;LC
DEFAUT;61;98;Osmia spinulosa;Hoplosmia spinulosa;HYMENOPTERA;MEGACHILIDAE;Hoplosmia;spinulosa;;M;1;WOOD T;LOOCKX M;WOOD T;2;2;BDFGM_Mons;0;20/11/2020;20/11/2020;98;17;20200620;Filet;Fleur;Rubus fruticosus;Rubus fruticosus;DICOTYLEDONE;ROSACEAE;Rubus;fruticosus;17;FALSE;1;MLM17;Nocarcentre Site 5;Ecaussines;BE03;deg +50.56047 +4.14042;WGS84;31UES8086901779;50,56047058;4,14041996;120;Prairie et sentier.;Ecaussines;MLM17;50.56036°N;4.14030°E;921;TRUE;Réserve;Réserve;Milieu semi-naturel (ancienne carrière de roches massives);Rubus fruticosus;;;;;TRUE;FALSE;;;153;Hoplosmia spinulosa;2,03;8,4165;6,825;Oligolectic;Above;;Summer;;Solitary;NT
DEFAUT;73;98;Anthophora bimaculata;Anthophora bimaculata;HYMENOPTERA;APIDAE;Anthophora;bimaculata;;F;1;WOOD T;LOOCKX M;WOOD T;2;2;BDFGM_Mons;0;20/11/2020;20/11/2020;98;17;20200620;Filet;Fleur;Rubus fruticosus;Rubus fruticosus;DICOTYLEDONE;ROSACEAE;Rubus;fruticosus;17;FALSE;1;MLM17;Nocarcentre Site 5;Ecaussines;BE03;deg +50.56047 +4.14042;WGS84;31UES8086901779;50,56047058;4,14041996;120;Prairie et sentier.;Ecaussines;MLM17;50.56036°N;4.14030°E;921;TRUE;Réserve;Réserve;Milieu semi-naturel (ancienne carrière de roches massives);Rubus fruticosus;;;;;TRUE;FALSE;;;23;Anthophora bimaculata;5,64;11,2639;5,2761;Polylectic b;Underground;;Summer;;Solitary;CR
DEFAUT;114;98;Bombus pascuorum floralis;Bombus pascuorum floralis;HYMENOPTERA;APIDAE;Bombus;pascuorum;;W;4;FIORDALISO W;LOOCKX M;FIORDALISO W;2;2;BDFGM_Mons;0;07/01/2021;08/01/2021;98;17;20200620;Filet;Fleur;Rubus fruticosus;Rubus fruticosus;DICOTYLEDONE;ROSACEAE;Rubus;fruticosus;17;FALSE;1;MLM17;Nocarcentre Site 5;Ecaussines;BE03;deg +50.56047 +4.14042;WGS84;31UES8086901779;50,56047058;4,14041996;120;Prairie et sentier.;Ecaussines;MLM17;50.56036°N;4.14030°E;921;TRUE;Réserve;Réserve;Milieu semi-naturel (ancienne carrière de roches massives);Rubus fruticosus;;;;;TRUE;FALSE;;;187;Bombus pascuorum floralis;4,32;7,8985;5,7894;Polylectic;Mix;Under ground;Spring:Autumn;;Primitivelyeusocial;LC
DEFAUT;278;98;Terrestribombus  sp.;Bombus (Bombus)  sp.;HYMENOPTERA;APIDAE;Bombus;(Bombus);;W;5;RASMONT P;LOOCKX M;RASMONT P;2;2;BDFGM_Mons;0;11/01/2021;11/01/2021;98;17;20200620;Filet;Fleur;Rubus fruticosus;Rubus fruticosus;DICOTYLEDONE;ROSACEAE;Rubus;fruticosus;17;FALSE;1;MLM17;Nocarcentre Site 5;Ecaussines;BE03;deg +50.56047 +4.14042;WGS84;31UES8086901779;50,56047058;4,14041996;120;Prairie et sentier.;Ecaussines;MLM17;50.56036°N;4.14030°E;921;TRUE;Réserve;Réserve;Milieu semi-naturel (ancienne carrière de roches massives);Rubus fruticosus;;;;;TRUE;FALSE;;;181;Bombus (Bombus)  sp.;6,15;8,6161;5,9154;Polylectic;Mix;Under ground;Spring:Autumn;;Primitivelyeusocial;LC
DEFAUT;290;98;Bombus pratorum;Bombus pratorum;HYMENOPTERA;APIDAE;Bombus;pratorum;;M;1;FIORDALISO W;LOOCKX M;FIORDALISO W;2;2;BDFGM_Mons;0;22/01/2021;22/01/2021;98;17;20200620;Filet;Fleur;Rubus fruticosus;Rubus fruticosus;DICOTYLEDONE;ROSACEAE;Rubus;fruticosus;17;FALSE;1;MLM17;Nocarcentre Site 5;Ecaussines;BE03;deg +50.56047 +4.14042;WGS84;31UES8086901779;50,56047058;4,14041996;120;Prairie et sentier.;Ecaussines;MLM17;50.56036°N;4.14030°E;921;TRUE;Réserve;Réserve;Milieu semi-naturel (ancienne carrière de roches massives);Rubus fruticosus;;;;;TRUE;FALSE;;;36;Bombus pratorum;5,34;6,5438;6,1244;Polylectic;Mix;Under ground;Spring:Autumn;;Primitivelyeusocial;LC
DEFAUT;257;98;Bombus terrestris terrestris;Bombus terrestris terrestris;HYMENOPTERA;APIDAE;Bombus;terrestris;;M;3;RASMONT P;LOOCKX M;RASMONT P;2;2;BDFGM_Mons;0;11/01/2021;11/01/2021;98;17;20200620;Filet;Fleur;Rubus fruticosus;Rubus fruticosus;DICOTYLEDONE;ROSACEAE;Rubus;fruticosus;17;FALSE;1;MLM17;Nocarcentre Site 5;Ecaussines;BE03;deg +50.56047 +4.14042;WGS84;31UES8086901779;50,56047058;4,14041996;120;Prairie et sentier.;Ecaussines;MLM17;50.56036°N;4.14030°E;921;TRUE;Réserve;Réserve;Milieu semi-naturel (ancienne carrière de roches massives);Rubus fruticosus;;;;;TRUE;FALSE;;;188;Bombus terrestris terrestris;6,15;8,6161;5,9154;Polylectic;Mix;Under ground;Spring:Autumn;;Primitivelyeusocial;LC
DEFAUT;332;98;Bombus lapidarius;Bombus lapidarius;HYMENOPTERA;APIDAE;Bombus;lapidarius;;W;1;FIORDALISO W;LOOCKX M;FIORDALISO W;2;2;BDFGM_Mons;0;22/01/2021;22/01/2021;98;17;20200620;Filet;Fleur;Rubus fruticosus;Rubus fruticosus;DICOTYLEDONE;ROSACEAE;Rubus;fruticosus;17;FALSE;1;MLM17;Nocarcentre Site 5;Ecaussines;BE03;deg +50.56047 +4.14042;WGS84;31UES8086901779;50,56047058;4,14041996;120;Prairie et sentier.;Ecaussines;MLM17;50.56036°N;4.14030°E;921;TRUE;Réserve;Réserve;Milieu semi-naturel (ancienne carrière de roches massives);Rubus fruticosus;;;;;TRUE;FALSE;;;33;Bombus lapidarius;6,17;8,3136;5,9263;Polylectic;Mix;Under ground;Spring:Autumn;;Primitivelyeusocial;LC
DEFAUT;60;99;Osmia spinulosa;Hoplosmia spinulosa;HYMENOPTERA;MEGACHILIDAE;Hoplosmia;spinulosa;;F;1;WOOD T;LOOCKX M;WOOD T;2;2;BDFGM_Mons;0;20/11/2020;20/11/2020;99;17;20200620;Filet;Fleur;Hypochoeris radicata;Hypochoeris radicata;DICOTYLEDONE;COMPOSITAE;Hypochoeris;radicata;17;FALSE;1;MLM17;Nocarcentre Site 5;Ecaussines;BE03;deg +50.56047 +4.14042;WGS84;31UES8086901779;50,56047058;4,14041996;120;Prairie et sentier.;Ecaussines;MLM17;50.56036°N;4.14030°E;921;TRUE;Réserve;Réserve;Milieu semi-naturel (ancienne carrière de roches massives);Hypochoeris radicata;ASTERACEAE;Porcelle enracinée;Juin;Septembre;TRUE;TRUE;;;153;Hoplosmia spinulosa;2,03;8,4165;6,825;Oligolectic;Above;;Summer;;Solitary;NT
DEFAUT;161;100;Bombus pascuorum floralis;Bombus pascuorum floralis;HYMENOPTERA;APIDAE;Bombus;pascuorum;;W;1;FIORDALISO W;LOOCKX M;FIORDALISO W;2;2;BDFGM_Mons;0;08/01/2021;08/01/2021;100;17;20200620;Filet;Fleur;Echium vulgare;Echium vulgare;DICOTYLEDONE;BORAGINACEAE;Echium;vulgare;17;FALSE;1;MLM17;Nocarcentre Site 5;Ecaussines;BE03;deg +50.56047 +4.14042;WGS84;31UES8086901779;50,56047058;4,14041996;120;Prairie et sentier.;Ecaussines;MLM17;50.56036°N;4.14030°E;921;TRUE;Réserve;Réserve;Milieu semi-naturel (ancienne carrière de roches massives);Echium vulgare;BORAGINACEAE;Vipérine;Juin;Juillet;TRUE;1;Calcaire;;187;Bombus pascuorum floralis;4,32;7,8985;5,7894;Polylectic;Mix;Under ground;Spring:Autumn;;Primitivelyeusocial;LC
DEFAUT;62;101;Hoplitis adunca;Hoplitis adunca;HYMENOPTERA;MEGACHILIDAE;Hoplitis;adunca;;F;7;WOOD T;LOOCKX M;WOOD T;2;2;BDFGM_Mons;0;20/11/2020;20/11/2020;101;17;20200718;Filet;Fleur;Echium vulgare;Echium vulgare;DICOTYLEDONE;BORAGINACEAE;Echium;vulgare;17;FALSE;1;MLM17;Nocarcentre Site 5;Ecaussines;BE03;deg +50.56047 +4.14042;WGS84;31UES8086901779;50,56047058;4,14041996;120;Prairie et sentier.;Ecaussines;MLM17;50.56036°N;4.14030°E;921;TRUE;Réserve;Réserve;Milieu semi-naturel (ancienne carrière de roches massives);Echium vulgare;BORAGINACEAE;Vipérine;Juin;Juillet;TRUE;1;Calcaire;;63;Hoplitis adunca;2,67;6,923;7,0676;Oligolectic;Above;Above ground;Summer;;Solitary;LC
DEFAUT;162;101;Bombus pascuorum floralis;Bombus pascuorum floralis;HYMENOPTERA;APIDAE;Bombus;pascuorum;;W;6;FIORDALISO W;LOOCKX M;FIORDALISO W;2;2;BDFGM_Mons;0;08/01/2021;11/01/2021;101;17;20200718;Filet;Fleur;Echium vulgare;Echium vulgare;DICOTYLEDONE;BORAGINACEAE;Echium;vulgare;17;FALSE;1;MLM17;Nocarcentre Site 5;Ecaussines;BE03;deg +50.56047 +4.14042;WGS84;31UES8086901779;50,56047058;4,14041996;120;Prairie et sentier.;Ecaussines;MLM17;50.56036°N;4.14030°E;921;TRUE;Réserve;Réserve;Milieu semi-naturel (ancienne carrière de roches massives);Echium vulgare;BORAGINACEAE;Vipérine;Juin;Juillet;TRUE;1;Calcaire;;187;Bombus pascuorum floralis;4,32;7,8985;5,7894;Polylectic;Mix;Under ground;Spring:Autumn;;Primitivelyeusocial;LC
DEFAUT;190;101;Bombus pascuorum floralis;Bombus pascuorum floralis;HYMENOPTERA;APIDAE;Bombus;pascuorum;;M;4;FIORDALISO W;LOOCKX M;FIORDALISO W;2;2;BDFGM_Mons;0;11/01/2021;11/01/2021;101;17;20200718;Filet;Fleur;Echium vulgare;Echium vulgare;DICOTYLEDONE;BORAGINACEAE;Echium;vulgare;17;FALSE;1;MLM17;Nocarcentre Site 5;Ecaussines;BE03;deg +50.56047 +4.14042;WGS84;31UES8086901779;50,56047058;4,14041996;120;Prairie et sentier.;Ecaussines;MLM17;50.56036°N;4.14030°E;921;TRUE;Réserve;Réserve;Milieu semi-naturel (ancienne carrière de roches massives);Echium vulgare;BORAGINACEAE;Vipérine;Juin;Juillet;TRUE;1;Calcaire;;187;Bombus pascuorum floralis;4,32;7,8985;5,7894;Polylectic;Mix;Under ground;Spring:Autumn;;Primitivelyeusocial;LC
DEFAUT;288;101;Bombus lucorum;Bombus lucorum;HYMENOPTERA;APIDAE;Bombus;lucorum;;M;1;FIORDALISO W;LOOCKX M;FIORDALISO W;2;2;BDFGM_Mons;0;22/01/2021;22/01/2021;101;17;20200718;Filet;Fleur;Echium vulgare;Echium vulgare;DICOTYLEDONE;BORAGINACEAE;Echium;vulgare;17;FALSE;1;MLM17;Nocarcentre Site 5;Ecaussines;BE03;deg +50.56047 +4.14042;WGS84;31UES8086901779;50,56047058;4,14041996;120;Prairie et sentier.;Ecaussines;MLM17;50.56036°N;4.14030°E;921;TRUE;Réserve;Réserve;Milieu semi-naturel (ancienne carrière de roches massives);Echium vulgare;BORAGINACEAE;Vipérine;Juin;Juillet;TRUE;1;Calcaire;;34;Bombus lucorum;6,37;7,107;5,5011;Polylectic;Underground;;Spring:Autumn;;Primitivelyeusocial;NT
DEFAUT;317;101;Bombus lapidarius;Bombus lapidarius;HYMENOPTERA;APIDAE;Bombus;lapidarius;;M;1;FIORDALISO W;LOOCKX M;FIORDALISO W;2;2;BDFGM_Mons;0;22/01/2021;22/01/2021;101;17;20200718;Filet;Fleur;Echium vulgare;Echium vulgare;DICOTYLEDONE;BORAGINACEAE;Echium;vulgare;17;FALSE;1;MLM17;Nocarcentre Site 5;Ecaussines;BE03;deg +50.56047 +4.14042;WGS84;31UES8086901779;50,56047058;4,14041996;120;Prairie et sentier.;Ecaussines;MLM17;50.56036°N;4.14030°E;921;TRUE;Réserve;Réserve;Milieu semi-naturel (ancienne carrière de roches massives);Echium vulgare;BORAGINACEAE;Vipérine;Juin;Juillet;TRUE;1;Calcaire;;33;Bombus lapidarius;6,17;8,3136;5,9263;Polylectic;Mix;Under ground;Spring:Autumn;;Primitivelyeusocial;LC
DEFAUT;333;101;Bombus lapidarius;Bombus lapidarius;HYMENOPTERA;APIDAE;Bombus;lapidarius;;W;1;FIORDALISO W;LOOCKX M;FIORDALISO W;2;2;BDFGM_Mons;0;22/01/2021;22/01/2021;101;17;20200718;Filet;Fleur;Echium vulgare;Echium vulgare;DICOTYLEDONE;BORAGINACEAE;Echium;vulgare;17;FALSE;1;MLM17;Nocarcentre Site 5;Ecaussines;BE03;deg +50.56047 +4.14042;WGS84;31UES8086901779;50,56047058;4,14041996;120;Prairie et sentier.;Ecaussines;MLM17;50.56036°N;4.14030°E;921;TRUE;Réserve;Réserve;Milieu semi-naturel (ancienne carrière de roches massives);Echium vulgare;BORAGINACEAE;Vipérine;Juin;Juillet;TRUE;1;Calcaire;;33;Bombus lapidarius;6,17;8,3136;5,9263;Polylectic;Mix;Under ground;Spring:Autumn;;Primitivelyeusocial;LC
DEFAUT;123;102;Bombus pascuorum floralis;Bombus pascuorum floralis;HYMENOPTERA;APIDAE;Bombus;pascuorum;;W;4;FIORDALISO W;LOOCKX M;FIORDALISO W;2;2;BDFGM_Mons;0;07/01/2021;11/01/2021;102;17;20200718;Filet;Fleur;Vicia cracca;Vicia cracca;DICOTYLEDONE;LEGUMINOSAE;Vicia;cracca;17;FALSE;1;MLM17;Nocarcentre Site 5;Ecaussines;BE03;deg +50.56047 +4.14042;WGS84;31UES8086901779;50,56047058;4,14041996;120;Prairie et sentier.;Ecaussines;MLM17;50.56036°N;4.14030°E;921;TRUE;Réserve;Réserve;Milieu semi-naturel (ancienne carrière de roches massives);Vicia cracca;FABACEAE;Vesce à épis;Juin;Septembre;TRUE;TRUE;;;187;Bombus pascuorum floralis;4,32;7,8985;5,7894;Polylectic;Mix;Under ground;Spring:Autumn;;Primitivelyeusocial;LC
DEFAUT;191;102;Bombus pascuorum floralis;Bombus pascuorum floralis;HYMENOPTERA;APIDAE;Bombus;pascuorum;;M;1;FIORDALISO W;LOOCKX M;FIORDALISO W;2;2;BDFGM_Mons;0;11/01/2021;11/01/2021;102;17;20200718;Filet;Fleur;Vicia cracca;Vicia cracca;DICOTYLEDONE;LEGUMINOSAE;Vicia;cracca;17;FALSE;1;MLM17;Nocarcentre Site 5;Ecaussines;BE03;deg +50.56047 +4.14042;WGS84;31UES8086901779;50,56047058;4,14041996;120;Prairie et sentier.;Ecaussines;MLM17;50.56036°N;4.14030°E;921;TRUE;Réserve;Réserve;Milieu semi-naturel (ancienne carrière de roches massives);Vicia cracca;FABACEAE;Vesce à épis;Juin;Septembre;TRUE;TRUE;;;187;Bombus pascuorum floralis;4,32;7,8985;5,7894;Polylectic;Mix;Under ground;Spring:Autumn;;Primitivelyeusocial;LC
DEFAUT;233;102;Terrestribombus  sp.;Bombus (Bombus)  sp.;HYMENOPTERA;APIDAE;Bombus;(Bombus);;W;2;RASMONT P;LOOCKX M;RASMONT P;2;2;BDFGM_Mons;0;11/01/2021;11/01/2021;102;17;20200718;Filet;Fleur;Vicia cracca;Vicia cracca;DICOTYLEDONE;LEGUMINOSAE;Vicia;cracca;17;FALSE;1;MLM17;Nocarcentre Site 5;Ecaussines;BE03;deg +50.56047 +4.14042;WGS84;31UES8086901779;50,56047058;4,14041996;120;Prairie et sentier.;Ecaussines;MLM17;50.56036°N;4.14030°E;921;TRUE;Réserve;Réserve;Milieu semi-naturel (ancienne carrière de roches massives);Vicia cracca;FABACEAE;Vesce à épis;Juin;Septembre;TRUE;TRUE;;;181;Bombus (Bombus)  sp.;6,15;8,6161;5,9154;Polylectic;Mix;Under ground;Spring:Autumn;;Primitivelyeusocial;LC
DEFAUT;158;103;Bombus pascuorum floralis;Bombus pascuorum floralis;HYMENOPTERA;APIDAE;Bombus;pascuorum;;W;1;FIORDALISO W;LOOCKX M;FIORDALISO W;2;2;BDFGM_Mons;0;08/01/2021;08/01/2021;103;17;20200808;Filet;Fleur;Cirsium vulgare;Cirsium vulgare;DICOTYLEDONE;COMPOSITAE;Cirsium;vulgare;17;FALSE;1;MLM17;Nocarcentre Site 5;Ecaussines;BE03;deg +50.56047 +4.14042;WGS84;31UES8086901779;50,56047058;4,14041996;120;Prairie et sentier.;Ecaussines;MLM17;50.56036°N;4.14030°E;921;TRUE;Réserve;Réserve;Milieu semi-naturel (ancienne carrière de roches massives);Cirsium vulgare;ASTERACEAE;Cirse commun;Juillet;Août;TRUE;TRUE;;;187;Bombus pascuorum floralis;4,32;7,8985;5,7894;Polylectic;Mix;Under ground;Spring:Autumn;;Primitivelyeusocial;LC
DEFAUT;193;103;Bombus pascuorum floralis;Bombus pascuorum floralis;HYMENOPTERA;APIDAE;Bombus;pascuorum;;M;2;FIORDALISO W;LOOCKX M;FIORDALISO W;2;2;BDFGM_Mons;0;11/01/2021;11/01/2021;103;17;20200808;Filet;Fleur;Cirsium vulgare;Cirsium vulgare;DICOTYLEDONE;COMPOSITAE;Cirsium;vulgare;17;FALSE;1;MLM17;Nocarcentre Site 5;Ecaussines;BE03;deg +50.56047 +4.14042;WGS84;31UES8086901779;50,56047058;4,14041996;120;Prairie et sentier.;Ecaussines;MLM17;50.56036°N;4.14030°E;921;TRUE;Réserve;Réserve;Milieu semi-naturel (ancienne carrière de roches massives);Cirsium vulgare;ASTERACEAE;Cirse commun;Juillet;Août;TRUE;TRUE;;;187;Bombus pascuorum floralis;4,32;7,8985;5,7894;Polylectic;Mix;Under ground;Spring:Autumn;;Primitivelyeusocial;LC
DEFAUT;14;104;Halictus scabiosae;Halictus scabiosae;HYMENOPTERA;HALICTIDAE;Halictus;scabiosae;;M;5;WOOD T;LOOCKX M;WOOD T;2;2;BDFGM_Mons;0;19/11/2020;20/11/2020;104;17;20200808;Filet;Fleur;Centaurea jacea;Centaurea jacea;DICOTYLEDONE;COMPOSITAE;Centaurea;jacea;17;FALSE;1;MLM17;Nocarcentre Site 5;Ecaussines;BE03;deg +50.56047 +4.14042;WGS84;31UES8086901779;50,56047058;4,14041996;120;Prairie et sentier.;Ecaussines;MLM17;50.56036°N;4.14030°E;921;TRUE;Réserve;Réserve;Milieu semi-naturel (ancienne carrière de roches massives);Centaurea jacea;ASTERACEAE;Centaurée jacée;Juillet;Octobre;FALSE;TRUE;;;60;Halictus scabiosae;2,44;10,5749;6,1899;Polylectic;Underground;;Spring:Summer;;Primitivelyeusocial;LC
DEFAUT;29;105;Colletes daviesanus;Colletes daviesanus;HYMENOPTERA;COLLETIDAE;Colletes;daviesanus;;F;2;WOOD T;LOOCKX M;WOOD T;2;2;BDFGM_Mons;0;20/11/2020;20/11/2020;105;17;20200808;Filet;Fleur;Tanacetum vulgare;Tanacetum vulgare;DICOTYLEDONE;COMPOSITAE;Tanacetum;vulgare;17;FALSE;1;MLM17;Nocarcentre Site 5;Ecaussines;BE03;deg +50.56047 +4.14042;WGS84;31UES8086901779;50,56047058;4,14041996;120;Prairie et sentier.;Ecaussines;MLM17;50.56036°N;4.14030°E;921;TRUE;Réserve;Réserve;Milieu semi-naturel (ancienne carrière de roches massives);Tanacetum vulgare;ASTERACEAE;Tanaisie;Juillet;Octobre;TRUE;1;Sec;;49;Colletes daviesanus;2,46;6,6475;6,9239;Oligolectic;Underground;Under ground;Summer;;Solitary;LC
DEFAUT;192;106;Bombus pascuorum floralis;Bombus pascuorum floralis;HYMENOPTERA;APIDAE;Bombus;pascuorum;;M;1;FIORDALISO W;LOOCKX M;FIORDALISO W;2;2;BDFGM_Mons;0;11/01/2021;11/01/2021;106;17;20200808;Filet;Fleur;Dipsacus fullonum;Dipsacus fullonum;DICOTYLEDONE;DIPSACACEAE;Dipsacus;fullonum;17;FALSE;1;MLM17;Nocarcentre Site 5;Ecaussines;BE03;deg +50.56047 +4.14042;WGS84;31UES8086901779;50,56047058;4,14041996;120;Prairie et sentier.;Ecaussines;MLM17;50.56036°N;4.14030°E;921;TRUE;Réserve;Réserve;Milieu semi-naturel (ancienne carrière de roches massives);Dipsacus fullonum;DIPSACACEAE;Cabaret des oiseaux;Juillet;Septembre;TRUE;1;Nitrophile;;187;Bombus pascuorum floralis;4,32;7,8985;5,7894;Polylectic;Mix;Under ground;Spring:Autumn;;Primitivelyeusocial;LC
DEFAUT;318;106;Bombus lapidarius;Bombus lapidarius;HYMENOPTERA;APIDAE;Bombus;lapidarius;;M;1;FIORDALISO W;LOOCKX M;FIORDALISO W;2;2;BDFGM_Mons;0;22/01/2021;22/01/2021;106;17;20200808;Filet;Fleur;Dipsacus fullonum;Dipsacus fullonum;DICOTYLEDONE;DIPSACACEAE;Dipsacus;fullonum;17;FALSE;1;MLM17;Nocarcentre Site 5;Ecaussines;BE03;deg +50.56047 +4.14042;WGS84;31UES8086901779;50,56047058;4,14041996;120;Prairie et sentier.;Ecaussines;MLM17;50.56036°N;4.14030°E;921;TRUE;Réserve;Réserve;Milieu semi-naturel (ancienne carrière de roches massives);Dipsacus fullonum;DIPSACACEAE;Cabaret des oiseaux;Juillet;Septembre;TRUE;1;Nitrophile;;33;Bombus lapidarius;6,17;8,3136;5,9263;Polylectic;Mix;Under ground;Spring:Autumn;;Primitivelyeusocial;LC
DEFAUT;66;14;Megachile willughbiella;Megachile willughbiella;HYMENOPTERA;MEGACHILIDAE;Megachile;willughbiella;;M;1;WOOD T;LOOCKX M;WOOD T;2;2;BDFGM_Mons;0;20/11/2020;20/11/2020;14;2;20200526;Filet;Fleur;Rubus fruticosus;Rubus fruticosus;DICOTYLEDONE;ROSACEAE;Rubus;fruticosus;2;FALSE;1;MLM2;Bruyère Site 2;Bernissart;BE03;deg +50.49289 +3.67194;WGS84;31UER4775593860;50,4928894;3,671940088;46;Plaine principale de la réserve. Anciennement terrain de motocross. Bcp de callune et de Rubus fruticosus. Un peu d'Echium et de genêt.;Bernissart;MLM2;50.49304°N;3.67188°E;10349;TRUE;Réserve;Réserve;Milieu semi-naturel (ancienne sablière);Rubus fruticosus;;;;;TRUE;FALSE;;;127;Megachile willughbiella;3,59;7,2891;6,3157;Polylectic b;Mix;Above ground;Summer;;Solitary;LC
DEFAUT;82;14;Anthophora quadrimaculata;Anthophora quadrimaculata;HYMENOPTERA;APIDAE;Anthophora;quadrimaculata;;M;1;WOOD T;LOOCKX M;WOOD T;2;2;BDFGM_Mons;0;20/11/2020;20/11/2020;14;2;20200526;Filet;Fleur;Rubus fruticosus;Rubus fruticosus;DICOTYLEDONE;ROSACEAE;Rubus;fruticosus;2;FALSE;1;MLM2;Bruyère Site 2;Bernissart;BE03;deg +50.49289 +3.67194;WGS84;31UER4775593860;50,4928894;3,671940088;46;Plaine principale de la réserve. Anciennement terrain de motocross. Bcp de callune et de Rubus fruticosus. Un peu d'Echium et de genêt.;Bernissart;MLM2;50.49304°N;3.67188°E;10349;TRUE;Réserve;Réserve;Milieu semi-naturel (ancienne sablière);Rubus fruticosus;;;;;TRUE;FALSE;;;26;Anthophora quadrimaculata;3,25;7,1189;6,7702;Polylectic;Underground;Under ground;Summer;;Solitary;LC
DEFAUT;209;14;Terrestribombus  sp.;Bombus (Bombus)  sp.;HYMENOPTERA;APIDAE;Bombus;(Bombus);;W;14;RASMONT P;LOOCKX M;RASMONT P;2;2;BDFGM_Mons;0;11/01/2021;11/01/2021;14;2;20200526;Filet;Fleur;Rubus fruticosus;Rubus fruticosus;DICOTYLEDONE;ROSACEAE;Rubus;fruticosus;2;FALSE;1;MLM2;Bruyère Site 2;Bernissart;BE03;deg +50.49289 +3.67194;WGS84;31UER4775593860;50,4928894;3,671940088;46;Plaine principale de la réserve. Anciennement terrain de motocross. Bcp de callune et de Rubus fruticosus. Un peu d'Echium et de genêt.;Bernissart;MLM2;50.49304°N;3.67188°E;10349;TRUE;Réserve;Réserve;Milieu semi-naturel (ancienne sablière);Rubus fruticosus;;;;;TRUE;FALSE;;;181;Bombus (Bombus)  sp.;6,15;8,6161;5,9154;Polylectic;Mix;Under ground;Spring:Autumn;;Primitivelyeusocial;LC
DEFAUT;195;14;Bombus pascuorum floralis;Bombus pascuorum floralis;HYMENOPTERA;APIDAE;Bombus;pascuorum;;W;1;FIORDALISO W;LOOCKX M;FIORDALISO W;2;2;BDFGM_Mons;0;11/01/2021;11/01/2021;14;2;20200526;Filet;Fleur;Rubus fruticosus;Rubus fruticosus;DICOTYLEDONE;ROSACEAE;Rubus;fruticosus;2;FALSE;1;MLM2;Bruyère Site 2;Bernissart;BE03;deg +50.49289 +3.67194;WGS84;31UER4775593860;50,4928894;3,671940088;46;Plaine principale de la réserve. Anciennement terrain de motocross. Bcp de callune et de Rubus fruticosus. Un peu d'Echium et de genêt.;Bernissart;MLM2;50.49304°N;3.67188°E;10349;TRUE;Réserve;Réserve;Milieu semi-naturel (ancienne sablière);Rubus fruticosus;;;;;TRUE;FALSE;;;187;Bombus pascuorum floralis;4,32;7,8985;5,7894;Polylectic;Mix;Under ground;Spring:Autumn;;Primitivelyeusocial;LC
DEFAUT;319;14;Bombus lapidarius;Bombus lapidarius;HYMENOPTERA;APIDAE;Bombus;lapidarius;;W;5;FIORDALISO W;LOOCKX M;FIORDALISO W;2;2;BDFGM_Mons;0;22/01/2021;22/01/2021;14;2;20200526;Filet;Fleur;Rubus fruticosus;Rubus fruticosus;DICOTYLEDONE;ROSACEAE;Rubus;fruticosus;2;FALSE;1;MLM2;Bruyère Site 2;Bernissart;BE03;deg +50.49289 +3.67194;WGS84;31UER4775593860;50,4928894;3,671940088;46;Plaine principale de la réserve. Anciennement terrain de motocross. Bcp de callune et de Rubus fruticosus. Un peu d'Echium et de genêt.;Bernissart;MLM2;50.49304°N;3.67188°E;10349;TRUE;Réserve;Réserve;Milieu semi-naturel (ancienne sablière);Rubus fruticosus;;;;;TRUE;FALSE;;;33;Bombus lapidarius;6,17;8,3136;5,9263;Polylectic;Mix;Under ground;Spring:Autumn;;Primitivelyeusocial;LC
DEFAUT;334;14;Bombus hypnorum;Bombus hypnorum;HYMENOPTERA;APIDAE;Bombus;hypnorum;;W;1;FIORDALISO W;LOOCKX M;FIORDALISO W;2;2;BDFGM_Mons;0;22/01/2021;22/01/2021;14;2;20200526;Filet;Fleur;Rubus fruticosus;Rubus fruticosus;DICOTYLEDONE;ROSACEAE;Rubus;fruticosus;2;FALSE;1;MLM2;Bruyère Site 2;Bernissart;BE03;deg +50.49289 +3.67194;WGS84;31UER4775593860;50,4928894;3,671940088;46;Plaine principale de la réserve. Anciennement terrain de motocross. Bcp de callune et de Rubus fruticosus. Un peu d'Echium et de genêt.;Bernissart;MLM2;50.49304°N;3.67188°E;10349;TRUE;Réserve;Réserve;Milieu semi-naturel (ancienne sablière);Rubus fruticosus;;;;;TRUE;FALSE;;;32;Bombus hypnorum;6;6,1941;6,691;Polylectic;Above;Under ground;Spring:Autumn;;Primitivelyeusocial;LC
DEFAUT;208;15;Terrestribombus  sp.;Bombus (Bombus)  sp.;HYMENOPTERA;APIDAE;Bombus;(Bombus);;W;2;RASMONT P;LOOCKX M;RASMONT P;2;2;BDFGM_Mons;0;11/01/2021;13/01/2021;15;2;20200526;Filet;Fleur;Cytisus scoparius;Cytisus scoparius;DICOTYLEDONE;LEGUMINOSAE;Cytisus;scoparius;2;FALSE;1;MLM2;Bruyère Site 2;Bernissart;BE03;deg +50.49289 +3.67194;WGS84;31UER4775593860;50,4928894;3,671940088;46;Plaine principale de la réserve. Anciennement terrain de motocross. Bcp de callune et de Rubus fruticosus. Un peu d'Echium et de genêt.;Bernissart;MLM2;50.49304°N;3.67188°E;10349;TRUE;Réserve;Réserve;Milieu semi-naturel (ancienne sablière);Cytisus scoparius;;;;;TRUE;TRUE;;;181;Bombus (Bombus)  sp.;6,15;8,6161;5,9154;Polylectic;Mix;Under ground;Spring:Autumn;;Primitivelyeusocial;LC
DEFAUT;236;15;Terrestribombus  sp.;Bombus (Bombus)  sp.;HYMENOPTERA;APIDAE;Bombus;(Bombus);;F;1;RASMONT P;LOOCKX M;RASMONT P;2;2;BDFGM_Mons;0;11/01/2021;11/01/2021;15;2;20200526;Filet;Fleur;Cytisus scoparius;Cytisus scoparius;DICOTYLEDONE;LEGUMINOSAE;Cytisus;scoparius;2;FALSE;1;MLM2;Bruyère Site 2;Bernissart;BE03;deg +50.49289 +3.67194;WGS84;31UER4775593860;50,4928894;3,671940088;46;Plaine principale de la réserve. Anciennement terrain de motocross. Bcp de callune et de Rubus fruticosus. Un peu d'Echium et de genêt.;Bernissart;MLM2;50.49304°N;3.67188°E;10349;TRUE;Réserve;Réserve;Milieu semi-naturel (ancienne sablière);Cytisus scoparius;;;;;TRUE;TRUE;;;181;Bombus (Bombus)  sp.;6,15;8,6161;5,9154;Polylectic;Mix;Under ground;Spring:Autumn;;Primitivelyeusocial;LC
DEFAUT;103;16;Bombus pascuorum floralis;Bombus pascuorum floralis;HYMENOPTERA;APIDAE;Bombus;pascuorum;;W;12;FIORDALISO W;LOOCKX M;FIORDALISO W;2;2;BDFGM_Mons;0;07/01/2021;11/01/2021;16;2;20200624;Filet;Fleur;Echium vulgare;Echium vulgare;DICOTYLEDONE;BORAGINACEAE;Echium;vulgare;2;FALSE;1;MLM2;Bruyère Site 2;Bernissart;BE03;deg +50.49289 +3.67194;WGS84;31UER4775593860;50,4928894;3,671940088;46;Plaine principale de la réserve. Anciennement terrain de motocross. Bcp de callune et de Rubus fruticosus. Un peu d'Echium et de genêt.;Bernissart;MLM2;50.49304°N;3.67188°E;10349;TRUE;Réserve;Réserve;Milieu semi-naturel (ancienne sablière);Echium vulgare;BORAGINACEAE;Vipérine;Juin;Juillet;TRUE;1;Calcaire;;187;Bombus pascuorum floralis;4,32;7,8985;5,7894;Polylectic;Mix;Under ground;Spring:Autumn;;Primitivelyeusocial;LC
DEFAUT;238;16;Bombus terrestris terrestris;Bombus terrestris terrestris;HYMENOPTERA;APIDAE;Bombus;terrestris;;M;2;RASMONT P;LOOCKX M;RASMONT P;2;2;BDFGM_Mons;0;11/01/2021;11/01/2021;16;2;20200624;Filet;Fleur;Echium vulgare;Echium vulgare;DICOTYLEDONE;BORAGINACEAE;Echium;vulgare;2;FALSE;1;MLM2;Bruyère Site 2;Bernissart;BE03;deg +50.49289 +3.67194;WGS84;31UER4775593860;50,4928894;3,671940088;46;Plaine principale de la réserve. Anciennement terrain de motocross. Bcp de callune et de Rubus fruticosus. Un peu d'Echium et de genêt.;Bernissart;MLM2;50.49304°N;3.67188°E;10349;TRUE;Réserve;Réserve;Milieu semi-naturel (ancienne sablière);Echium vulgare;BORAGINACEAE;Vipérine;Juin;Juillet;TRUE;1;Calcaire;;188;Bombus terrestris terrestris;6,15;8,6161;5,9154;Polylectic;Mix;Under ground;Spring:Autumn;;Primitivelyeusocial;LC
DEFAUT;34;17;Hylaeus signatus;Hylaeus signatus;HYMENOPTERA;COLLETIDAE;Hylaeus;signatus;;F;2;WOOD T;LOOCKX M;WOOD T;2;2;BDFGM_Mons;0;20/11/2020;20/11/2020;17;2;20200624;Filet;Fleur;Reseda luteola;Reseda luteola;DICOTYLEDONE;RESEDACEAE;Reseda;luteola;2;FALSE;1;MLM2;Bruyère Site 2;Bernissart;BE03;deg +50.49289 +3.67194;WGS84;31UER4775593860;50,4928894;3,671940088;46;Plaine principale de la réserve. Anciennement terrain de motocross. Bcp de callune et de Rubus fruticosus. Un peu d'Echium et de genêt.;Bernissart;MLM2;50.49304°N;3.67188°E;10349;TRUE;Réserve;Réserve;Milieu semi-naturel (ancienne sablière);Reseda luteola;;;;;TRUE;TRUE;;;78;Hylaeus signatus;1,81;9,6507;6,8911;Polylectic;Above;Above ground;Summer : Autumn;;Solitary;LC
DEFAUT;35;17;Hylaeus signatus;Hylaeus signatus;HYMENOPTERA;COLLETIDAE;Hylaeus;signatus;;M;3;WOOD T;LOOCKX M;WOOD T;2;2;BDFGM_Mons;0;20/11/2020;20/11/2020;17;2;20200624;Filet;Fleur;Reseda luteola;Reseda luteola;DICOTYLEDONE;RESEDACEAE;Reseda;luteola;2;FALSE;1;MLM2;Bruyère Site 2;Bernissart;BE03;deg +50.49289 +3.67194;WGS84;31UER4775593860;50,4928894;3,671940088;46;Plaine principale de la réserve. Anciennement terrain de motocross. Bcp de callune et de Rubus fruticosus. Un peu d'Echium et de genêt.;Bernissart;MLM2;50.49304°N;3.67188°E;10349;TRUE;Réserve;Réserve;Milieu semi-naturel (ancienne sablière);Reseda luteola;;;;;TRUE;TRUE;;;78;Hylaeus signatus;1,81;9,6507;6,8911;Polylectic;Above;Above ground;Summer : Autumn;;Solitary;LC
DEFAUT;106;17;Bombus pascuorum floralis;Bombus pascuorum floralis;HYMENOPTERA;APIDAE;Bombus;pascuorum;;W;1;FIORDALISO W;LOOCKX M;FIORDALISO W;2;2;BDFGM_Mons;0;07/01/2021;07/01/2021;17;2;20200624;Filet;Fleur;Reseda luteola;Reseda luteola;DICOTYLEDONE;RESEDACEAE;Reseda;luteola;2;FALSE;1;MLM2;Bruyère Site 2;Bernissart;BE03;deg +50.49289 +3.67194;WGS84;31UER4775593860;50,4928894;3,671940088;46;Plaine principale de la réserve. Anciennement terrain de motocross. Bcp de callune et de Rubus fruticosus. Un peu d'Echium et de genêt.;Bernissart;MLM2;50.49304°N;3.67188°E;10349;TRUE;Réserve;Réserve;Milieu semi-naturel (ancienne sablière);Reseda luteola;;;;;TRUE;TRUE;;;187;Bombus pascuorum floralis;4,32;7,8985;5,7894;Polylectic;Mix;Under ground;Spring:Autumn;;Primitivelyeusocial;LC
DEFAUT;268;17;Terrestribombus  sp.;Bombus (Bombus)  sp.;HYMENOPTERA;APIDAE;Bombus;(Bombus);;W;1;RASMONT P;LOOCKX M;RASMONT P;2;2;BDFGM_Mons;0;11/01/2021;11/01/2021;17;2;20200624;Filet;Fleur;Reseda luteola;Reseda luteola;DICOTYLEDONE;RESEDACEAE;Reseda;luteola;2;FALSE;1;MLM2;Bruyère Site 2;Bernissart;BE03;deg +50.49289 +3.67194;WGS84;31UER4775593860;50,4928894;3,671940088;46;Plaine principale de la réserve. Anciennement terrain de motocross. Bcp de callune et de Rubus fruticosus. Un peu d'Echium et de genêt.;Bernissart;MLM2;50.49304°N;3.67188°E;10349;TRUE;Réserve;Réserve;Milieu semi-naturel (ancienne sablière);Reseda luteola;;;;;TRUE;TRUE;;;181;Bombus (Bombus)  sp.;6,15;8,6161;5,9154;Polylectic;Mix;Under ground;Spring:Autumn;;Primitivelyeusocial;LC
DEFAUT;63;18;Hoplitis adunca;Hoplitis adunca;HYMENOPTERA;MEGACHILIDAE;Hoplitis;adunca;;F;1;WOOD T;LOOCKX M;WOOD T;2;2;BDFGM_Mons;0;20/11/2020;20/11/2020;18;2;20200723;Filet;Fleur;Echium vulgare;Echium vulgare;DICOTYLEDONE;BORAGINACEAE;Echium;vulgare;2;FALSE;1;MLM2;Bruyère Site 2;Bernissart;BE03;deg +50.49289 +3.67194;WGS84;31UER4775593860;50,4928894;3,671940088;46;Plaine principale de la réserve. Anciennement terrain de motocross. Bcp de callune et de Rubus fruticosus. Un peu d'Echium et de genêt.;Bernissart;MLM2;50.49304°N;3.67188°E;10349;TRUE;Réserve;Réserve;Milieu semi-naturel (ancienne sablière);Echium vulgare;BORAGINACEAE;Vipérine;Juin;Juillet;TRUE;1;Calcaire;;63;Hoplitis adunca;2,67;6,923;7,0676;Oligolectic;Above;Above ground;Summer;;Solitary;LC
DEFAUT;126;18;Bombus pascuorum floralis;Bombus pascuorum floralis;HYMENOPTERA;APIDAE;Bombus;pascuorum;;W;33;FIORDALISO W;LOOCKX M;FIORDALISO W;2;2;BDFGM_Mons;0;07/01/2021;11/01/2021;18;2;20200723;Filet;Fleur;Echium vulgare;Echium vulgare;DICOTYLEDONE;BORAGINACEAE;Echium;vulgare;2;FALSE;1;MLM2;Bruyère Site 2;Bernissart;BE03;deg +50.49289 +3.67194;WGS84;31UER4775593860;50,4928894;3,671940088;46;Plaine principale de la réserve. Anciennement terrain de motocross. Bcp de callune et de Rubus fruticosus. Un peu d'Echium et de genêt.;Bernissart;MLM2;50.49304°N;3.67188°E;10349;TRUE;Réserve;Réserve;Milieu semi-naturel (ancienne sablière);Echium vulgare;BORAGINACEAE;Vipérine;Juin;Juillet;TRUE;1;Calcaire;;187;Bombus pascuorum floralis;4,32;7,8985;5,7894;Polylectic;Mix;Under ground;Spring:Autumn;;Primitivelyeusocial;LC
DEFAUT;241;18;Bombus terrestris terrestris;Bombus terrestris terrestris;HYMENOPTERA;APIDAE;Bombus;terrestris;;M;1;RASMONT P;LOOCKX M;RASMONT P;2;2;BDFGM_Mons;0;11/01/2021;11/01/2021;18;2;20200723;Filet;Fleur;Echium vulgare;Echium vulgare;DICOTYLEDONE;BORAGINACEAE;Echium;vulgare;2;FALSE;1;MLM2;Bruyère Site 2;Bernissart;BE03;deg +50.49289 +3.67194;WGS84;31UER4775593860;50,4928894;3,671940088;46;Plaine principale de la réserve. Anciennement terrain de motocross. Bcp de callune et de Rubus fruticosus. Un peu d'Echium et de genêt.;Bernissart;MLM2;50.49304°N;3.67188°E;10349;TRUE;Réserve;Réserve;Milieu semi-naturel (ancienne sablière);Echium vulgare;BORAGINACEAE;Vipérine;Juin;Juillet;TRUE;1;Calcaire;;188;Bombus terrestris terrestris;6,15;8,6161;5,9154;Polylectic;Mix;Under ground;Spring:Autumn;;Primitivelyeusocial;LC
DEFAUT;259;18;Terrestribombus  sp.;Bombus (Bombus)  sp.;HYMENOPTERA;APIDAE;Bombus;(Bombus);;F;1;RASMONT P;LOOCKX M;RASMONT P;2;2;BDFGM_Mons;0;11/01/2021;11/01/2021;18;2;20200723;Filet;Fleur;Echium vulgare;Echium vulgare;DICOTYLEDONE;BORAGINACEAE;Echium;vulgare;2;FALSE;1;MLM2;Bruyère Site 2;Bernissart;BE03;deg +50.49289 +3.67194;WGS84;31UER4775593860;50,4928894;3,671940088;46;Plaine principale de la réserve. Anciennement terrain de motocross. Bcp de callune et de Rubus fruticosus. Un peu d'Echium et de genêt.;Bernissart;MLM2;50.49304°N;3.67188°E;10349;TRUE;Réserve;Réserve;Milieu semi-naturel (ancienne sablière);Echium vulgare;BORAGINACEAE;Vipérine;Juin;Juillet;TRUE;1;Calcaire;;181;Bombus (Bombus)  sp.;6,15;8,6161;5,9154;Polylectic;Mix;Under ground;Spring:Autumn;;Primitivelyeusocial;LC
DEFAUT;242;19;Bombus terrestris terrestris;Bombus terrestris terrestris;HYMENOPTERA;APIDAE;Bombus;terrestris;;M;1;RASMONT P;LOOCKX M;RASMONT P;2;2;BDFGM_Mons;0;11/01/2021;11/01/2021;19;2;20200723;Filet;Fleur;Hypericum perforatum;Hypericum perforatum;DICOTYLEDONE;GUTTIFERAE;Hypericum;perforatum;2;FALSE;1;MLM2;Bruyère Site 2;Bernissart;BE03;deg +50.49289 +3.67194;WGS84;31UER4775593860;50,4928894;3,671940088;46;Plaine principale de la réserve. Anciennement terrain de motocross. Bcp de callune et de Rubus fruticosus. Un peu d'Echium et de genêt.;Bernissart;MLM2;50.49304°N;3.67188°E;10349;TRUE;Réserve;Réserve;Milieu semi-naturel (ancienne sablière);Hypericum perforatum;HYPERICACEAE;Millepertuis perforé;Juillet;Septembre;TRUE;TRUE;;;188;Bombus terrestris terrestris;6,15;8,6161;5,9154;Polylectic;Mix;Under ground;Spring:Autumn;;Primitivelyeusocial;LC
DEFAUT;267;19;Terrestribombus  sp.;Bombus (Bombus)  sp.;HYMENOPTERA;APIDAE;Bombus;(Bombus);;W;2;RASMONT P;LOOCKX M;RASMONT P;2;2;BDFGM_Mons;0;11/01/2021;11/01/2021;19;2;20200723;Filet;Fleur;Hypericum perforatum;Hypericum perforatum;DICOTYLEDONE;GUTTIFERAE;Hypericum;perforatum;2;FALSE;1;MLM2;Bruyère Site 2;Bernissart;BE03;deg +50.49289 +3.67194;WGS84;31UER4775593860;50,4928894;3,671940088;46;Plaine principale de la réserve. Anciennement terrain de motocross. Bcp de callune et de Rubus fruticosus. Un peu d'Echium et de genêt.;Bernissart;MLM2;50.49304°N;3.67188°E;10349;TRUE;Réserve;Réserve;Milieu semi-naturel (ancienne sablière);Hypericum perforatum;HYPERICACEAE;Millepertuis perforé;Juillet;Septembre;TRUE;TRUE;;;181;Bombus (Bombus)  sp.;6,15;8,6161;5,9154;Polylectic;Mix;Under ground;Spring:Autumn;;Primitivelyeusocial;LC
DEFAUT;112;20;Bombus pascuorum floralis;Bombus pascuorum floralis;HYMENOPTERA;APIDAE;Bombus;pascuorum;;W;12;FIORDALISO W;LOOCKX M;FIORDALISO W;2;2;BDFGM_Mons;0;07/01/2021;11/01/2021;20;2;20200815;Filet;Fleur;Calluna vulgaris;Calluna vulgaris;DICOTYLEDONE;ERICACEAE;Calluna;vulgaris;2;FALSE;1;MLM2;Bruyère Site 2;Bernissart;BE03;deg +50.49289 +3.67194;WGS84;31UER4775593860;50,4928894;3,671940088;46;Plaine principale de la réserve. Anciennement terrain de motocross. Bcp de callune et de Rubus fruticosus. Un peu d'Echium et de genêt.;Bernissart;MLM2;50.49304°N;3.67188°E;10349;TRUE;Réserve;Réserve;Milieu semi-naturel (ancienne sablière);Calluna vulgaris;ERICACEAE;Bruyère commune;Août;Septembre;TRUE;1;Sec;;187;Bombus pascuorum floralis;4,32;7,8985;5,7894;Polylectic;Mix;Under ground;Spring:Autumn;;Primitivelyeusocial;LC
DEFAUT;210;20;Terrestribombus  sp.;Bombus (Bombus)  sp.;HYMENOPTERA;APIDAE;Bombus;(Bombus);;W;42;RASMONT P;LOOCKX M;RASMONT P;2;2;BDFGM_Mons;0;11/01/2021;11/01/2021;20;2;20200815;Filet;Fleur;Calluna vulgaris;Calluna vulgaris;DICOTYLEDONE;ERICACEAE;Calluna;vulgaris;2;FALSE;1;MLM2;Bruyère Site 2;Bernissart;BE03;deg +50.49289 +3.67194;WGS84;31UER4775593860;50,4928894;3,671940088;46;Plaine principale de la réserve. Anciennement terrain de motocross. Bcp de callune et de Rubus fruticosus. Un peu d'Echium et de genêt.;Bernissart;MLM2;50.49304°N;3.67188°E;10349;TRUE;Réserve;Réserve;Milieu semi-naturel (ancienne sablière);Calluna vulgaris;ERICACEAE;Bruyère commune;Août;Septembre;TRUE;1;Sec;;181;Bombus (Bombus)  sp.;6,15;8,6161;5,9154;Polylectic;Mix;Under ground;Spring:Autumn;;Primitivelyeusocial;LC
DEFAUT;235;20;Terrestribombus  sp.;Bombus (Bombus)  sp.;HYMENOPTERA;APIDAE;Bombus;(Bombus);;F;5;RASMONT P;LOOCKX M;RASMONT P;2;2;BDFGM_Mons;0;11/01/2021;11/01/2021;20;2;20200815;Filet;Fleur;Calluna vulgaris;Calluna vulgaris;DICOTYLEDONE;ERICACEAE;Calluna;vulgaris;2;FALSE;1;MLM2;Bruyère Site 2;Bernissart;BE03;deg +50.49289 +3.67194;WGS84;31UER4775593860;50,4928894;3,671940088;46;Plaine principale de la réserve. Anciennement terrain de motocross. Bcp de callune et de Rubus fruticosus. Un peu d'Echium et de genêt.;Bernissart;MLM2;50.49304°N;3.67188°E;10349;TRUE;Réserve;Réserve;Milieu semi-naturel (ancienne sablière);Calluna vulgaris;ERICACEAE;Bruyère commune;Août;Septembre;TRUE;1;Sec;;181;Bombus (Bombus)  sp.;6,15;8,6161;5,9154;Polylectic;Mix;Under ground;Spring:Autumn;;Primitivelyeusocial;LC
DEFAUT;292;48;Bombus pratorum;Bombus pratorum;HYMENOPTERA;APIDAE;Bombus;pratorum;;W;1;FIORDALISO W;LOOCKX M;FIORDALISO W;2;2;BDFGM_Mons;0;22/01/2021;22/01/2021;48;7;20200524;Filet;Fleur;Hypochoeris radicata;Hypochoeris radicata;DICOTYLEDONE;COMPOSITAE;Hypochoeris;radicata;7;FALSE;1;MLM7;Vertbois Site 2;Braine-le-Comte;BE03;deg +50.60258 +4.17478;WGS84;31UES8322906500;50,60258102;4,174779892;133;Clairière principale. Butte de sable + Mares (une sèche et une remplie). Surtout callune.;Braine-le-Comte;MLM7;50.60253°N;4.17463°E;3236;TRUE;Réserve;Réserve;Milieu semi-naturel (ancienne sablière);Hypochoeris radicata;ASTERACEAE;Porcelle enracinée;Juin;Septembre;TRUE;TRUE;;;36;Bombus pratorum;5,34;6,5438;6,1244;Polylectic;Mix;Under ground;Spring:Autumn;;Primitivelyeusocial;LC
DEFAUT;321;48;Bombus lapidarius;Bombus lapidarius;HYMENOPTERA;APIDAE;Bombus;lapidarius;;W;1;FIORDALISO W;LOOCKX M;FIORDALISO W;2;2;BDFGM_Mons;0;22/01/2021;22/01/2021;48;7;20200524;Filet;Fleur;Hypochoeris radicata;Hypochoeris radicata;DICOTYLEDONE;COMPOSITAE;Hypochoeris;radicata;7;FALSE;1;MLM7;Vertbois Site 2;Braine-le-Comte;BE03;deg +50.60258 +4.17478;WGS84;31UES8322906500;50,60258102;4,174779892;133;Clairière principale. Butte de sable + Mares (une sèche et une remplie). Surtout callune.;Braine-le-Comte;MLM7;50.60253°N;4.17463°E;3236;TRUE;Réserve;Réserve;Milieu semi-naturel (ancienne sablière);Hypochoeris radicata;ASTERACEAE;Porcelle enracinée;Juin;Septembre;TRUE;TRUE;;;33;Bombus lapidarius;6,17;8,3136;5,9263;Polylectic;Mix;Under ground;Spring:Autumn;;Primitivelyeusocial;LC
DEFAUT;172;49;Bombus pascuorum floralis;Bombus pascuorum floralis;HYMENOPTERA;APIDAE;Bombus;pascuorum;;M;1;FIORDALISO W;LOOCKX M;FIORDALISO W;2;2;BDFGM_Mons;0;11/01/2021;11/01/2021;49;7;20200622;Filet;Fleur;Hypochoeris radicata;Hypochoeris radicata;DICOTYLEDONE;COMPOSITAE;Hypochoeris;radicata;7;FALSE;1;MLM7;Vertbois Site 2;Braine-le-Comte;BE03;deg +50.60258 +4.17478;WGS84;31UES8322906500;50,60258102;4,174779892;133;Clairière principale. Butte de sable + Mares (une sèche et une remplie). Surtout callune.;Braine-le-Comte;MLM7;50.60253°N;4.17463°E;3236;TRUE;Réserve;Réserve;Milieu semi-naturel (ancienne sablière);Hypochoeris radicata;ASTERACEAE;Porcelle enracinée;Juin;Septembre;TRUE;TRUE;;;187;Bombus pascuorum floralis;4,32;7,8985;5,7894;Polylectic;Mix;Under ground;Spring:Autumn;;Primitivelyeusocial;LC
DEFAUT;296;49;Bombus sylvestris;Bombus sylvestris;HYMENOPTERA;APIDAE;Bombus;sylvestris;;M;1;FIORDALISO W;LOOCKX M;FIORDALISO W;2;2;BDFGM_Mons;0;22/01/2021;22/01/2021;49;7;20200622;Filet;Fleur;Hypochoeris radicata;Hypochoeris radicata;DICOTYLEDONE;COMPOSITAE;Hypochoeris;radicata;7;FALSE;1;MLM7;Vertbois Site 2;Braine-le-Comte;BE03;deg +50.60258 +4.17478;WGS84;31UES8322906500;50,60258102;4,174779892;133;Clairière principale. Butte de sable + Mares (une sèche et une remplie). Surtout callune.;Braine-le-Comte;MLM7;50.60253°N;4.17463°E;3236;TRUE;Réserve;Réserve;Milieu semi-naturel (ancienne sablière);Hypochoeris radicata;ASTERACEAE;Porcelle enracinée;Juin;Septembre;TRUE;TRUE;;;38;Bombus sylvestris;4,95;6,3558;6,2926;Polylectic;Mix;Under ground;Spring:Autumn;;Socialparasite;LC
DEFAUT;128;50;Bombus pascuorum floralis;Bombus pascuorum floralis;HYMENOPTERA;APIDAE;Bombus;pascuorum;;W;1;FIORDALISO W;LOOCKX M;FIORDALISO W;2;2;BDFGM_Mons;0;07/01/2021;07/01/2021;50;7;20200622;Filet;Fleur;Medicago sativa falcata;Medicago sativa falcata;DICOTYLEDONE;LEGUMINOSAE;Medicago;sativa;7;FALSE;1;MLM7;Vertbois Site 2;Braine-le-Comte;BE03;deg +50.60258 +4.17478;WGS84;31UES8322906500;50,60258102;4,174779892;133;Clairière principale. Butte de sable + Mares (une sèche et une remplie). Surtout callune.;Braine-le-Comte;MLM7;50.60253°N;4.17463°E;3236;TRUE;Réserve;Réserve;Milieu semi-naturel (ancienne sablière);;;;;;FALSE;FALSE;;;187;Bombus pascuorum floralis;4,32;7,8985;5,7894;Polylectic;Mix;Under ground;Spring:Autumn;;Primitivelyeusocial;LC
DEFAUT;43;51;Andrena humilis;Andrena humilis;HYMENOPTERA;ANDRENIDAE;Andrena;humilis;;F;1;WOOD T;LOOCKX M;WOOD T;2;2;BDFGM_Mons;0;20/11/2020;20/11/2020;51;7;20200622;Filet;Fleur;Ranunculus acris;Ranunculus acris;DICOTYLEDONE;RANUNCULACEAE;Ranunculus;acris;7;FALSE;1;MLM7;Vertbois Site 2;Braine-le-Comte;BE03;deg +50.60258 +4.17478;WGS84;31UES8322906500;50,60258102;4,174779892;133;Clairière principale. Butte de sable + Mares (une sèche et une remplie). Surtout callune.;Braine-le-Comte;MLM7;50.60253°N;4.17463°E;3236;TRUE;Réserve;Réserve;Milieu semi-naturel (ancienne sablière);Ranunculus acris;RANUNCULACEAE;Renoncule âcre;Mai;Septembre;TRUE;TRUE;;;123;Andrena humilis;2,23;7,6749;6,2262;Oligolectic;Underground;Under ground;Spring:Summer;;Solitary;LC
DEFAUT;141;53;Bombus pascuorum floralis;Bombus pascuorum floralis;HYMENOPTERA;APIDAE;Bombus;pascuorum;;W;4;FIORDALISO W;LOOCKX M;FIORDALISO W;2;2;BDFGM_Mons;0;08/01/2021;08/01/2021;53;7;20200721;Filet;Fleur;Teucrium scorodonia;Teucrium scorodonia;DICOTYLEDONE;LABIATAE;Teucrium;scorodonia;7;FALSE;1;MLM7;Vertbois Site 2;Braine-le-Comte;BE03;deg +50.60258 +4.17478;WGS84;31UES8322906500;50,60258102;4,174779892;133;Clairière principale. Butte de sable + Mares (une sèche et une remplie). Surtout callune.;Braine-le-Comte;MLM7;50.60253°N;4.17463°E;3236;TRUE;Réserve;Réserve;Milieu semi-naturel (ancienne sablière);Teucrium scorodonia;;;;;TRUE;TRUE;;;187;Bombus pascuorum floralis;4,32;7,8985;5,7894;Polylectic;Mix;Under ground;Spring:Autumn;;Primitivelyeusocial;LC
DEFAUT;272;53;Terrestribombus  sp.;Bombus (Bombus)  sp.;HYMENOPTERA;APIDAE;Bombus;(Bombus);;W;1;RASMONT P;LOOCKX M;RASMONT P;2;2;BDFGM_Mons;0;11/01/2021;11/01/2021;53;7;20200721;Filet;Fleur;Teucrium scorodonia;Teucrium scorodonia;DICOTYLEDONE;LABIATAE;Teucrium;scorodonia;7;FALSE;1;MLM7;Vertbois Site 2;Braine-le-Comte;BE03;deg +50.60258 +4.17478;WGS84;31UES8322906500;50,60258102;4,174779892;133;Clairière principale. Butte de sable + Mares (une sèche et une remplie). Surtout callune.;Braine-le-Comte;MLM7;50.60253°N;4.17463°E;3236;TRUE;Réserve;Réserve;Milieu semi-naturel (ancienne sablière);Teucrium scorodonia;;;;;TRUE;TRUE;;;181;Bombus (Bombus)  sp.;6,15;8,6161;5,9154;Polylectic;Mix;Under ground;Spring:Autumn;;Primitivelyeusocial;LC
DEFAUT;305;53;Bombus vestalis;Bombus vestalis;HYMENOPTERA;APIDAE;Bombus;vestalis;;M;1;FIORDALISO W;LOOCKX M;FIORDALISO W;2;2;BDFGM_Mons;0;22/01/2021;22/01/2021;53;7;20200721;Filet;Fleur;Teucrium scorodonia;Teucrium scorodonia;DICOTYLEDONE;LABIATAE;Teucrium;scorodonia;7;FALSE;1;MLM7;Vertbois Site 2;Braine-le-Comte;BE03;deg +50.60258 +4.17478;WGS84;31UES8322906500;50,60258102;4,174779892;133;Clairière principale. Butte de sable + Mares (une sèche et une remplie). Surtout callune.;Braine-le-Comte;MLM7;50.60253°N;4.17463°E;3236;TRUE;Réserve;Réserve;Milieu semi-naturel (ancienne sablière);Teucrium scorodonia;;;;;TRUE;TRUE;;;40;Bombus vestalis;6,1;9,2926;5,034;Polylectic;Mix;;Spring:Autumn;;Social parasite;NT
DEFAUT;53;54;Dasypoda hirtipes;Dasypoda hirtipes;HYMENOPTERA;MELITTIDAE;Dasypoda;hirtipes;;F;1;WOOD T;LOOCKX M;WOOD T;2;2;BDFGM_Mons;0;20/11/2020;20/11/2020;54;7;20200721;Filet;Fleur;Hypochoeris radicata;Hypochoeris radicata;DICOTYLEDONE;COMPOSITAE;Hypochoeris;radicata;7;FALSE;1;MLM7;Vertbois Site 2;Braine-le-Comte;BE03;deg +50.60258 +4.17478;WGS84;31UES8322906500;50,60258102;4,174779892;133;Clairière principale. Butte de sable + Mares (une sèche et une remplie). Surtout callune.;Braine-le-Comte;MLM7;50.60253°N;4.17463°E;3236;TRUE;Réserve;Réserve;Milieu semi-naturel (ancienne sablière);Hypochoeris radicata;ASTERACEAE;Porcelle enracinée;Juin;Septembre;TRUE;TRUE;;;53;Dasypoda hirtipes;3,36;7,372;6,7427;Oligolectic;Underground;Under ground;Summer;;Solitary;LC
DEFAUT;52;55;Dasypoda hirtipes;Dasypoda hirtipes;HYMENOPTERA;MELITTIDAE;Dasypoda;hirtipes;;F;1;WOOD T;LOOCKX M;WOOD T;2;2;BDFGM_Mons;0;20/11/2020;20/11/2020;55;7;20200721;Filet;Fleur;Hypericum perforatum;Hypericum perforatum;DICOTYLEDONE;GUTTIFERAE;Hypericum;perforatum;7;FALSE;1;MLM7;Vertbois Site 2;Braine-le-Comte;BE03;deg +50.60258 +4.17478;WGS84;31UES8322906500;50,60258102;4,174779892;133;Clairière principale. Butte de sable + Mares (une sèche et une remplie). Surtout callune.;Braine-le-Comte;MLM7;50.60253°N;4.17463°E;3236;TRUE;Réserve;Réserve;Milieu semi-naturel (ancienne sablière);Hypericum perforatum;HYPERICACEAE;Millepertuis perforé;Juillet;Septembre;TRUE;TRUE;;;53;Dasypoda hirtipes;3,36;7,372;6,7427;Oligolectic;Underground;Under ground;Summer;;Solitary;LC
DEFAUT;143;55;Bombus pascuorum floralis;Bombus pascuorum floralis;HYMENOPTERA;APIDAE;Bombus;pascuorum;;W;5;FIORDALISO W;LOOCKX M;FIORDALISO W;2;2;BDFGM_Mons;0;08/01/2021;11/01/2021;55;7;20200721;Filet;Fleur;Hypericum perforatum;Hypericum perforatum;DICOTYLEDONE;GUTTIFERAE;Hypericum;perforatum;7;FALSE;1;MLM7;Vertbois Site 2;Braine-le-Comte;BE03;deg +50.60258 +4.17478;WGS84;31UES8322906500;50,60258102;4,174779892;133;Clairière principale. Butte de sable + Mares (une sèche et une remplie). Surtout callune.;Braine-le-Comte;MLM7;50.60253°N;4.17463°E;3236;TRUE;Réserve;Réserve;Milieu semi-naturel (ancienne sablière);Hypericum perforatum;HYPERICACEAE;Millepertuis perforé;Juillet;Septembre;TRUE;TRUE;;;187;Bombus pascuorum floralis;4,32;7,8985;5,7894;Polylectic;Mix;Under ground;Spring:Autumn;;Primitivelyeusocial;LC
DEFAUT;271;55;Terrestribombus  sp.;Bombus (Bombus)  sp.;HYMENOPTERA;APIDAE;Bombus;(Bombus);;W;1;RASMONT P;LOOCKX M;RASMONT P;2;2;BDFGM_Mons;0;11/01/2021;11/01/2021;55;7;20200721;Filet;Fleur;Hypericum perforatum;Hypericum perforatum;DICOTYLEDONE;GUTTIFERAE;Hypericum;perforatum;7;FALSE;1;MLM7;Vertbois Site 2;Braine-le-Comte;BE03;deg +50.60258 +4.17478;WGS84;31UES8322906500;50,60258102;4,174779892;133;Clairière principale. Butte de sable + Mares (une sèche et une remplie). Surtout callune.;Braine-le-Comte;MLM7;50.60253°N;4.17463°E;3236;TRUE;Réserve;Réserve;Milieu semi-naturel (ancienne sablière);Hypericum perforatum;HYPERICACEAE;Millepertuis perforé;Juillet;Septembre;TRUE;TRUE;;;181;Bombus (Bombus)  sp.;6,15;8,6161;5,9154;Polylectic;Mix;Under ground;Spring:Autumn;;Primitivelyeusocial;LC
DEFAUT;282;56;Bombus lucorum;Bombus lucorum;HYMENOPTERA;APIDAE;Bombus;lucorum;;M;1;FIORDALISO W;LOOCKX M;FIORDALISO W;2;2;BDFGM_Mons;0;22/01/2021;22/01/2021;56;7;20200721;Filet;Fleur;Calluna vulgaris;Calluna vulgaris;DICOTYLEDONE;ERICACEAE;Calluna;vulgaris;7;FALSE;1;MLM7;Vertbois Site 2;Braine-le-Comte;BE03;deg +50.60258 +4.17478;WGS84;31UES8322906500;50,60258102;4,174779892;133;Clairière principale. Butte de sable + Mares (une sèche et une remplie). Surtout callune.;Braine-le-Comte;MLM7;50.60253°N;4.17463°E;3236;TRUE;Réserve;Réserve;Milieu semi-naturel (ancienne sablière);Calluna vulgaris;ERICACEAE;Bruyère commune;Août;Septembre;TRUE;1;Sec;;34;Bombus lucorum;6,37;7,107;5,5011;Polylectic;Underground;;Spring:Autumn;;Primitivelyeusocial;NT
DEFAUT;142;57;Bombus pascuorum floralis;Bombus pascuorum floralis;HYMENOPTERA;APIDAE;Bombus;pascuorum;;W;21;FIORDALISO W;LOOCKX M;FIORDALISO W;2;2;BDFGM_Mons;0;08/01/2021;11/01/2021;57;7;20200811;Filet;Fleur;Calluna vulgaris;Calluna vulgaris;DICOTYLEDONE;ERICACEAE;Calluna;vulgaris;7;FALSE;1;MLM7;Vertbois Site 2;Braine-le-Comte;BE03;deg +50.60258 +4.17478;WGS84;31UES8322906500;50,60258102;4,174779892;133;Clairière principale. Butte de sable + Mares (une sèche et une remplie). Surtout callune.;Braine-le-Comte;MLM7;50.60253°N;4.17463°E;3236;TRUE;Réserve;Réserve;Milieu semi-naturel (ancienne sablière);Calluna vulgaris;ERICACEAE;Bruyère commune;Août;Septembre;TRUE;1;Sec;;187;Bombus pascuorum floralis;4,32;7,8985;5,7894;Polylectic;Mix;Under ground;Spring:Autumn;;Primitivelyeusocial;LC
DEFAUT;171;57;Bombus pascuorum floralis;Bombus pascuorum floralis;HYMENOPTERA;APIDAE;Bombus;pascuorum;;M;1;FIORDALISO W;LOOCKX M;FIORDALISO W;2;2;BDFGM_Mons;0;11/01/2021;11/01/2021;57;7;20200811;Filet;Fleur;Calluna vulgaris;Calluna vulgaris;DICOTYLEDONE;ERICACEAE;Calluna;vulgaris;7;FALSE;1;MLM7;Vertbois Site 2;Braine-le-Comte;BE03;deg +50.60258 +4.17478;WGS84;31UES8322906500;50,60258102;4,174779892;133;Clairière principale. Butte de sable + Mares (une sèche et une remplie). Surtout callune.;Braine-le-Comte;MLM7;50.60253°N;4.17463°E;3236;TRUE;Réserve;Réserve;Milieu semi-naturel (ancienne sablière);Calluna vulgaris;ERICACEAE;Bruyère commune;Août;Septembre;TRUE;1;Sec;;187;Bombus pascuorum floralis;4,32;7,8985;5,7894;Polylectic;Mix;Under ground;Spring:Autumn;;Primitivelyeusocial;LC
DEFAUT;219;57;Terrestribombus  sp.;Bombus (Bombus)  sp.;HYMENOPTERA;APIDAE;Bombus;(Bombus);;W;8;RASMONT P;LOOCKX M;RASMONT P;2;2;BDFGM_Mons;0;11/01/2021;11/01/2021;57;7;20200811;Filet;Fleur;Calluna vulgaris;Calluna vulgaris;DICOTYLEDONE;ERICACEAE;Calluna;vulgaris;7;FALSE;1;MLM7;Vertbois Site 2;Braine-le-Comte;BE03;deg +50.60258 +4.17478;WGS84;31UES8322906500;50,60258102;4,174779892;133;Clairière principale. Butte de sable + Mares (une sèche et une remplie). Surtout callune.;Braine-le-Comte;MLM7;50.60253°N;4.17463°E;3236;TRUE;Réserve;Réserve;Milieu semi-naturel (ancienne sablière);Calluna vulgaris;ERICACEAE;Bruyère commune;Août;Septembre;TRUE;1;Sec;;181;Bombus (Bombus)  sp.;6,15;8,6161;5,9154;Polylectic;Mix;Under ground;Spring:Autumn;;Primitivelyeusocial;LC
