Species;ITD;STI;SCI;Nest_active_construction;Nest_position;Nesting_material;Nest_area;Nesting_old;Statut_IUCN_Belgium;Endangered;N_months_active;Voltinism;Mean_flying_month;Flying_period;Sociality_old;Parasite;Sociality;Lectism;Main_host
Ammobates punctatus;1.87;10.15;6.89;No;Underground;Any;Soil;Underground;CR;Yes;3;Univoltine;7;Summer;Cleptoparasite;Yes;Solitary;Polylectic;
Andrena albofasciata;2.24;NA;NA;Yes;Underground;Any;Soil;Underground;DD;NA;3;Bivoltine;6;Summer;Solitary;No;Solitary;Polylectic;Fabaceae
Andrena angustior;1.88;10.15;4.87;Yes;Underground;Any;Soil;Underground;NT;Almost;2;Univoltine;5;Spring-Summer;Solitary;No;Solitary;Polylectic;
Andrena barbilabris;2.34;10.15;6.29;Yes;Underground;Any;Soil;Underground;LC;No;5;Univoltine;6;Spring-Summer;Solitary;No;Solitary;Polylectic;
Andrena bicolor;2.10;8.02;5.69;Yes;Underground;Any;Soil;Underground;LC;No;5;Bivoltine;6;Spring-Summer;Solitary;No;Solitary;Polylectic;
Andrena carantonica;2.72;7.47;6.56;Yes;Underground;Any;Soil;Underground;LC;No;3;Univoltine;5;Spring;Solitary;No;Solitary;Polylectic;
Andrena chrysosceles;1.97;9.42;5.20;Yes;Underground;Any;Soil;Underground;LC;No;3;Univoltine;5;Spring;Solitary;No;Solitary;Polylectic;
Andrena cineraria;2.76;7.94;5.83;Yes;Underground;Any;Soil;Underground;LC;No;3;Univoltine;5;Spring-Summer;Solitary;No;Solitary;Polylectic;
Andrena dorsata;2.03;9.66;5.28;Yes;Underground;Any;Soil;Underground;LC;No;6;Bivoltine;7;Spring-Summer;Solitary;No;Solitary;Polylectic;
Andrena flavipes;2.36;9.71;5.73;Yes;Underground;Any;Soil;Underground;LC;No;6;Bivoltine;7;Spring-Summer;Solitary;No;Solitary;Polylectic;
Andrena florea;2.43;10.26;6.14;Yes;Underground;Any;Soil;Underground;LC;No;3;Univoltine;7;Spring-Summer;Solitary;No;Solitary;Oligolectic;Cucurbitaceae
Andrena fulva;2.78;8.68;5.82;Yes;Underground;Any;Soil;Underground;LC;No;3;Univoltine;5;Spring;Solitary;No;Solitary;Polylectic;
Andrena fulvago;2.06;7.17;6.68;Yes;Underground;Any;Soil;Underground;NT;Almost;3;Univoltine;6;Spring-Summer;Solitary;No;Solitary;Oligolectic;Asteraceae
Andrena fuscipes;2.03;6.84;6.46;Yes;Underground;Any;Soil;Underground;LC;No;3;Univoltine;8;Summer;Solitary;No;Solitary;Oligolectic;Ericaceae
Andrena gravida;2.59;9.17;6.41;Yes;Underground;Any;Soil;Underground;LC;No;3;Univoltine;4;Spring-Summer;Solitary;No;Solitary;Polylectic;
Andrena haemorrhoa;2.63;7.29;6.16;Yes;Underground;Any;Soil;Underground;LC;No;5;Univoltine;5;Spring-Summer;Solitary;No;Solitary;Polylectic;
Andrena humilis;2.23;7.67;6.23;Yes;Underground;Any;Soil;Underground;LC;No;3;Univoltine;6;Spring-Summer;Solitary;No;Solitary;Oligolectic;Asteraceae
Andrena labialis;2.70;8.19;6.45;Yes;Underground;Any;Soil;Underground;NT;Almost;4;Univoltine;6;Spring-Summer;Solitary;No;Solitary;Oligolectic;Fabaceae
Andrena labiata;1.78;7.64;6.36;Yes;Underground;Any;Soil;Underground;LC;No;3;Univoltine;5;Spring;Solitary;No;Solitary;Polylectic;
Andrena minutula;1.43;8.23;5.77;Yes;Underground;Any;Soil;Underground;LC;No;7;Bivoltine;6;Spring-Summer;Solitary;No;Solitary;Polylectic;
Andrena minutuloides;1.39;6.79;7.22;Yes;Underground;Any;Soil;Underground;DD;NA;6;Bivoltine;7;Spring-Summer;Solitary;No;Solitary;Polylectic;
Andrena mitis;2.30;9.24;6.54;Yes;Underground;Any;Soil;Underground;LC;No;4;Univoltine;4;Spring-Summer;Solitary;No;Solitary;Oligolectic;Salix
Andrena nigroaenea;2.84;8.21;5.76;Yes;Underground;Any;Soil;Underground;LC;No;5;Univoltine;5;Spring-Summer;Solitary;No;Solitary;Polylectic;
Andrena nitida;2.97;8.61;5.97;Yes;Underground;Any;Soil;Underground;LC;No;5;Univoltine;5;Spring-Summer;Solitary;No;Solitary;Polylectic;
Andrena nitidiuscula;1.57;9.92;6.74;Yes;Underground;Any;Soil;Underground;VU;Yes;4;Univoltine;8;Summer;Solitary;No;Solitary;Oligolectic;Umbelliferae
Andrena ovatula;2.24;10.06;5.63;Yes;Underground;Any;Soil;Underground;DD;NA;3;Bivoltine;5;Spring;Solitary;No;Solitary;Oligolectic;Fabaceae
Andrena propinqua;1.89;NA;NA;Yes;Underground;Any;Soil;Underground;DD;NA;;;;;Solitary;No;Solitary;Polylectic;
Andrena proxima;1.72;9.52;5.99;Yes;Underground;Any;Soil;Underground;LC;No;3;Univoltine;6;Spring-Summer;Solitary;No;Solitary;Oligolectic;Umbelliferae
Andrena pusilla;1.39;9.83;5.91;Yes;Underground;Any;Soil;Underground;DD;NA;5;Bivoltine;5;Spring-Summer;Solitary;No;Solitary;Polylectic;
Andrena rosae;2.58;9.55;5.24;Yes;Underground;Any;Soil;Underground;LC;No;6;Bivoltine;6;Spring-Summer;Solitary;No;Solitary;Oligolectic;Umbelliferae
Andrena semilaevis;1.46;6.69;6.53;Yes;Underground;Any;Soil;Underground;DD;NA;4;Univoltine;7;Spring-Summer;Solitary;No;Solitary;Polylectic;Umbelliferae
Andrena subopaca;1.49;6.51;6.39;Yes;Underground;Any;Soil;Underground;LC;No;5;Bivoltine;6;Spring-Summer;Solitary;No;Solitary;Polylectic;
Andrena tibialis;2.85;7.56;6.59;Yes;Underground;Any;Soil;Underground;LC;No;3;Univoltine;4;Spring;Solitary;No;Solitary;Polylectic;
Andrena vaga;2.76;6.73;7.14;Yes;Underground;Any;Soil;Underground;LC;No;2;Univoltine;4;Spring;Solitary;No;Solitary;Oligolectic;Salix
Andrena ventralis;1.60;9.01;6.73;Yes;Underground;Any;Soil;Underground;LC;No;3;Univoltine;4;Spring;Solitary;No;Solitary;Oligolectic;Salix
Andrena wilkella;2.27;7.17;6.33;Yes;Underground;Any;Soil;Underground;NT;Almost;3;Univoltine;6;Spring-Summer;Solitary;No;Solitary;Oligolectic;Fabaceae
Anthidiellum strigatum;2.44;9.46;6.89;Yes;Aboveground;Resin, plant tissue;Next to stems;Above;LC;No;4;Univoltine;7;Spring-Summer;Solitary;No;Solitary;Polylectic;
Anthidium manicatum;3.59;8.33;6.45;No;Aboveground;Plant tissue;Cavities;Cavities;LC;No;3;Univoltine;7;Spring-Summer;Solitary;No;Solitary;Polylectic;Lamiaceae
Anthidium punctatum;2.71;6.68;7.15;No;Aboveground;Plant tissue;Variable;Underground;LC;No;5;Univoltine;7;Spring-Summer;Solitary;No;Solitary;Polylectic;Trifolium
Anthophora bimaculata;5.64;11.26;5.28;Yes;Underground;Any;Soil;Underground;CR;Yes;3;Univoltine;8;Spring-Summer;Solitary;No;Solitary;Polylectic;
Anthophora furcata;3.20;6.24;7.02;Yes;Aboveground;Any;Wood;Wood;LC;No;4;Bivoltine;7;Spring-Summer;Solitary;No;Solitary;Oligolectic;Lamiaceae
Anthophora plumipes;4.33;9.79;5.85;Yes;Underground;Any;Variable;Mix;LC;No;6;Univoltine;5;Spring;Solitary;No;Solitary;Polylectic;
Anthophora quadrimaculata;3.25;7.12;6.77;Yes;Underground;Any;Soil;Underground;LC;No;3;Univoltine;7;Spring-Summer;Solitary;No;Solitary;Polylectic;Lamiaceae
Anthophora retusa;3.73;7.20;6.78;Yes;Underground;Any;Soil;Mix;EN;Yes;4;Univoltine;5;Spring-Summer;Solitary;No;Solitary;Polylectic;
Bombus barbutellus;5.47;8.43;5.11;No;Variable;Any;Variable;Mix;CR;Yes;5;Social;7;Spring-Summer;Social parasite;Yes;Social parasite;Polylectic;
Bombus bohemicus;4.60;6.19;6.38;No;Underground;Any;Cavities;Underground;NT;Almost;5;Social;6;Spring-Summer;Social parasite;Yes;Social parasite;Polylectic;
Bombus campestris;5.80;7.01;6.16;No;Aboveground;Any;Vegetation;Mix;VU;Yes;6;Social;7;Spring-Summer;Social parasite;Yes;Social parasite;Polylectic;
Bombus hortorum;5.83;7.52;5.38;NA;Variable;Any;Variable;Mix;NT;Almost;6;Social;6;Spring-Summer;Primitivelyeusocial;No;Primitivelyeusocial;Polylectic;Long corollas
Bombus hypnorum;6.00;6.19;6.69;NA;Variable;Any;Cavities;Above;LC;No;6;Social;6;All year;Primitivelyeusocial;No;Primitivelyeusocial;Polylectic;
Bombus lapidarius;6.17;8.31;5.93;NA;Underground;Any;Soil;Underground;LC;No;6;Social;6;All year;Primitivelyeusocial;No;Primitivelyeusocial;Polylectic;Long corollas
Bombus lucorum;6.37;7.11;5.50;NA;Underground;Any;Cavities;Underground;NT;Almost;6;Social;6;All year;Primitivelyeusocial;No;Primitivelyeusocial;Polylectic;
Bombus pascuorum;4.32;7.90;5.79;NA;Aboveground;Any;Vegetation;Above;LC;No;7;Social;7;All year;Primitivelyeusocial;No;Primitivelyeusocial;Polylectic;
Bombus pratorum;5.34;6.54;6.12;NA;Variable;Any;Variable;Mix;LC;No;6;Social;6;Spring-Summer;Primitivelyeusocial;No;Primitivelyeusocial;Polylectic;
Bombus ruderarius;4.73;7.37;6.34;NA;Variable;Any;Variable;Mix;EN;Yes;4;Social;6;Spring-Summer;Primitivelyeusocial;No;Primitivelyeusocial;Polylectic;
Bombus sylvestris;4.95;6.36;6.29;No;Variable;Any;Variable;Mix;LC;No;7;Social;7;All year;Social parasite;Yes;Social parasite;Polylectic;
Bombus terrestris;6.15;8.62;5.92;No;Underground;Any;Cavities;Underground;LC;No;9;Social;6;Spring-Summer;Primitivelyeusocial;No;Primitivelyeusocial;Polylectic;
Bombus vestalis;6.10;9.29;5.03;No;Underground;Any;Cavities;Underground;NT;Almost;6;Social;6;Spring-Summer;Social parasite;Yes;Social parasite;Polylectic;
Ceratina cyanea;1.39;7.40;6.90;No;Aboveground;Any;Stems;Stems;LC;No;4;Univoltine;7;Spring-Summer;Solitary;No;Solitary;Polylectic;
Chelostoma campanularum;0.93;6.15;7.28;No;Aboveground;Mud;Cavities;Cavities;LC;No;3;Univoltine;7;Spring-Summer;Solitary;No;Solitary;Oligolectic;Campanulaceae
Chelostoma florisomne;1.79;6.38;7.06;No;Aboveground;Mud;Cavities;Cavities;LC;No;3;Univoltine;5;Spring-Summer;Solitary;No;Solitary;Oligolectic;Ranunculus
Chelostoma rapunculi;1.63;6.20;7.40;No;Aboveground;Mud;Cavities;Above;LC;No;2;Univoltine;6;Spring-Summer;Solitary;No;Solitary;Oligolectic;Campanulaceae
Coelioxys aurolimbata;3.23;12.07;7.15;No;Variable;Any;Variable;Underground;LC;No;3;Univoltine;7;Spring-Summer;Cleptoparasite;Yes;Solitary;Polylectic;
Coelioxys inermis;2.73;7.87;6.57;No;Variable;Any;Variable;Above;LC;No;5;Univoltine;7;Spring-Summer;Cleptoparasite;Yes;Solitary;Polylectic;
Coelioxys mandibularis;2.25;7.18;5.95;No;Aboveground;Any;Stems;Underground;VU;Yes;5;Univoltine;7;Spring-Summer;Cleptoparasite;Yes;Solitary;Polylectic;
Colletes cunicularius;3.57;6.44;7.11;Yes;Underground;Any;Soil;Underground;LC;No;2;Univoltine;4;Spring;Solitary;No;Solitary;Polylectic;
Colletes daviesanus;2.46;6.65;6.92;Yes;Underground;Any;Soil;Underground;LC;No;4;Univoltine;7;Spring-Summer;Solitary;No;Solitary;Oligolectic;Asteraceae
Colletes hederae;3.22;10.23;5.75;Yes;Underground;Any;Soil;Underground;LC;No;3;Univoltine;9;Autumn;Solitary;No;Solitary;Oligolectic;Hedera
Colletes marginatus;2.25;8.12;6.22;Yes;Underground;Any;Soil;Underground;LC;No;2;Univoltine;7;Summer;Solitary;No;Solitary;Polylectic;
Colletes similis;2.36;7.93;6.17;Yes;Underground;Any;Soil;Underground;LC;No;3;Univoltine;7;Summer;Solitary;No;Solitary;Oligolectic;Asteraceae
Dasypoda hirtipes;3.36;7.37;6.74;Yes;Underground;Any;Soil;Underground;LC;No;3;Univoltine;7;Spring-Summer;Solitary;No;Solitary;Oligolectic;Asteraceae
Epeolus variegatus;1.44;7.91;6.49;No;Underground;Any;Soil;Underground;LC;No;3;Univoltine;8;Summer;Cleptoparasite;Yes;Solitary;Oligolectic;Asteraceae
Eucera longicornis;3.48;6.45;7.15;Yes;Underground;Any;Soil;Underground;VU;Yes;3;Univoltine;7;Spring-Summer;Solitary;No;Solitary;Oligolectic;Fabaceae
Halictus maculatus;1.55;9.48;6.23;Yes;Underground;Any;Soil;Underground;VU;Yes;4;Social;6;Spring-Summer;Primitivelyeusocial;No;Primitivelyeusocial;Polylectic;
Halictus quadricinctus;3.05;10.89;6.31;Yes;Underground;Any;Soil;Underground;CR;Yes;6;Univoltine;7;All year;Solitary;No;Solitary;Polylectic;Asteraceae
Halictus rubicundus;2.18;7.08;6.08;Yes;Underground;Any;Soil;Underground;LC;No;8;Social;7;All year;Primitivelyeusocial;No;Primitivelyeusocial;Polylectic;
Halictus scabiosae;2.44;10.57;6.19;Yes;Underground;Any;Soil;Underground;LC;No;6;Social;7;Spring-Summer;Primitivelyeusocial;No;Primitivelyeusocial;Polylectic;
Halictus sexcinctus;2.80;8.90;6.53;Yes;Underground;Any;Soil;Underground;VU;Yes;5;Social;7;Spring-Summer;Primitivelyeusocial;No;Primitivelyeusocial;Polylectic;
Heriades truncorum;1.51;7.62;6.51;No;Aboveground;Resin;Cavities;Cavities;LC;No;4;Univoltine;7;Spring-Summer;Solitary;No;Solitary;Oligolectic;Asteraceae
Hoplitis adunca;2.67;6.92;7.07;No;Aboveground;Mud, stones;Cavities;Above;LC;No;4;Univoltine;7;Spring-Summer;Solitary;No;Solitary;Oligolectic;Echium
Hoplitis claviventris;1.95;9.52;6.56;No;Variable;Plant tissue;Variable;Stems;VU;Yes;4;Univoltine;6;Spring-Summer;Solitary;No;Solitary;Polylectic;
Hoplitis leucomelana;0.64;5.70;7.24;No;Aboveground;Plant tissue;Stems;Stems;LC;No;4;Univoltine;7;Spring-Summer;Solitary;No;Solitary;Polylectic;Fabaceae
Hoplitis tridentata;2.90;7.04;6.76;No;Aboveground;Plant tissue;Stems;Stems;LC;No;3;Univoltine;7;Spring-Summer;Solitary;No;Solitary;Oligolectic;Fabaceae
Hylaeus brevicornis;1.02;10.27;6.67;No;Aboveground;Any;Stems;Stems;DD;NA;5;Bivoltine;7;Spring-Summer;Solitary;No;Solitary;Polylectic;
Hylaeus communis;1.23;6.54;6.96;No;Aboveground;Any;Variable;Mix;LC;No;4;Bivoltine;7;Spring-Summer;Solitary;No;Solitary;Polylectic;
Hylaeus confusus;1.39;6.49;7.00;Variable;Variable;Any;Variable;Stems;LC;No;4;Univoltine;8;Spring-Summer;Solitary;No;Solitary;Polylectic;
Hylaeus cornutus;1.42;6.00;7.09;No;Aboveground;Any;Stems;Stems;LC;No;3;Univoltine;7;Spring-Summer;Solitary;No;Solitary;Polylectic;
Hylaeus difformis;1.50;9.77;5.33;No;Aboveground;Any;Cavities;Cavities;LC;No;4;Univoltine;7;Spring-Summer;Solitary;No;Solitary;Polylectic;
Hylaeus dilatatus;1.34;6.83;7.13;No;Aboveground;Any;Variable;Stems;DD;NA;3;Univoltine;7;Spring-Summer;Solitary;No;Solitary;Polylectic;
Hylaeus gredleri;1.23;7.64;6.31;No;Aboveground;Any;Stems;Above;DD;NA;3;Univoltine;7;Spring-Summer;Solitary;No;Solitary;Polylectic;
Hylaeus hyalinatus;1.32;8.45;6.92;Variable;Variable;Any;Variable;Mix;LC;No;4;Univoltine;8;Spring-Summer;Solitary;No;Solitary;Polylectic;
Hylaeus incongruus;2.69;6.98;6.59;No;Aboveground;Any;Variable;Stems;DD;NA;3;Univoltine;7;Spring-Summer;Solitary;No;Solitary;Polylectic;
Hylaeus pictipes;1.05;5.77;7.23;No;Aboveground;Any;Variable;Stems;LC;No;3;Univoltine;7;All year;Solitary;No;Solitary;Polylectic;
Hylaeus punctatus;1.19;8.05;6.66;No;Aboveground;Any;Cavities;Cavities;LC;No;2;Univoltine;7;Spring-Summer;Solitary;No;Solitary;Polylectic;
Hylaeus signatus;1.81;9.65;6.89;No;Aboveground;Any;Variable;Above;LC;No;3;Univoltine;8;Spring-Summer;Solitary;No;Solitary;Polylectic;Reseda
Hylaeus variegatus;2.88;9.21;5.78;No;Underground;Any;Cavities;Underground;NT;Almost;4;Univoltine;7;Spring-Summer;Solitary;No;Solitary;Polylectic;
Lasioglossum albipes;1.64;11.10;6.56;Yes;Underground;Any;Soil;Underground;NT;Almost;7;Social;6;All year;Primitivelyeusocial;No;Primitivelyeusocial;Polylectic;
Lasioglossum calceatum;1.82;6.58;6.57;Yes;Underground;Any;Soil;Underground;LC;No;8;Social;7;All year;Variable;No;Primitivelyeusocial;Polylectic;
Lasioglossum fulvicorne;1.31;7.96;5.98;Yes;Underground;Any;Soil;Underground;LC;No;7;Univoltine;7;All year;Solitary;No;Solitary;Polylectic;
Lasioglossum laticeps;1.48;7.80;6.30;Yes;Underground;Any;Soil;Underground;LC;No;6;Social;7;All year;Primitivelyeusocial;No;Primitivelyeusocial;Polylectic;
Lasioglossum lativentre;1.55;9.58;5.83;Yes;Underground;Any;Soil;Underground;LC;No;8;Univoltine;7;All year;Solitary;No;Solitary;Polylectic;
Lasioglossum leucozonium;1.91;8.64;5.63;Yes;Underground;Any;Soil;Underground;LC;No;7;Univoltine;7;All year;Solitary;No;Solitary;Polylectic;
Lasioglossum majus;3.88;8.21;6.19;Yes;Underground;Any;Soil;Underground;LC;No;5;Univoltine;7;Spring-Summer;Solitary;No;Solitary;Polylectic;
Lasioglossum malachurum;1.60;9.81;6.76;Yes;Underground;Any;Soil;Underground;LC;No;8;Social;7;All year;Primitivelyeusocial;No;Primitivelyeusocial;Polylectic;
Lasioglossum minutissimum;0.83;10.46;5.43;Yes;Underground;Any;Soil;Underground;LC;No;8;Univoltine;7;All year;Solitary;No;Solitary;Polylectic;
Lasioglossum morio;1.10;9.32;5.63;Yes;Variable;Any;Soil;Mix;LC;No;8;Social;7;All year;Primitivelyeusocial;No;Primitivelyeusocial;Polylectic;
Lasioglossum nitidulum;1.24;8.14;6.19;No;Aboveground;Any;Walls;Above;LC;No;8;Social;7;All year;Primitivelyeusocial;No;Primitivelyeusocial;Polylectic;
Lasioglossum parvulum;1.25;9.60;5.79;Yes;Underground;Any;Soil;Underground;LC;No;8;Univoltine;7;All year;Solitary;No;Solitary;Polylectic;
Lasioglossum pauxillum;1.24;9.18;5.73;Yes;Underground;Any;Soil;Underground;LC;No;7;Social;7;All year;Primitivelyeusocial;No;Primitivelyeusocial;Polylectic;
Lasioglossum politum;0.82;9.50;5.71;Yes;Underground;Any;Soil;Underground;RE;Yes;5;Social;7;Spring-Summer;Primitivelyeusocial;No;Primitivelyeusocial;Polylectic;
Lasioglossum punctatissimum;1.23;9.79;7.14;Yes;Underground;Any;Soil;Underground;LC;No;7;Univoltine;7;All year;Solitary;No;Solitary;Polylectic;
Lasioglossum semilucens;1.08;8.56;5.73;Yes;Underground;Any;Soil;Underground;LC;No;6;Univoltine;6;All year;Solitary;No;Solitary;Polylectic;
Lasioglossum sexnotatum;2.07;7.77;6.44;Yes;Underground;Any;Soil;Underground;LC;No;6;Univoltine;6;All year;Solitary;No;Solitary;Polylectic;
Lasioglossum sexstrigatum;1.33;10.02;5.92;Yes;Underground;Any;Soil;Underground;LC;No;7;Social;7;All year;Primitivelyeusocial;No;Primitivelyeusocial;Polylectic;
Lasioglossum villosulum;1.33;8.76;6.03;Yes;Underground;Any;Soil;Underground;LC;No;8;Variable;7;All year;Solitary;No;Primitivelyeusocial;Polylectic;
Lasioglossum zonulum;1.98;8.84;5.58;Yes;Underground;Any;Soil;Underground;LC;No;7;Univoltine;7;All year;Solitary;No;Solitary;Polylectic;
Macropis europaea;2.52;8.13;6.28;Yes;Underground;Oil;Soil;Underground;LC;No;3;Univoltine;7;Summer;Solitary;No;Solitary;Oligolectic;Lysimachia
Macropis fulvipes;2.42;7.03;6.75;Yes;Underground;Oil;Soil;Underground;LC;No;2;Univoltine;7;Summer;Solitary;No;Solitary;Oligolectic;Lysimachia
Megachile alpicola;2.58;5.74;7.49;No;Aboveground;Plant tissue;Cavities;Cavities;VU;Yes;5;Bivoltine;7;Spring-Summer;Solitary;No;Solitary;Polylectic;
Megachile centuncularis;2.73;8.41;5.94;No;Variable;Plant tissue;Variable;Mix;LC;No;3;Univoltine;7;Summer;Solitary;No;Solitary;Polylectic;
Megachile ericetorum;3.39;7.11;7.59;No;Variable;Resin, Mud;Variable;Mix;LC;No;5;Univoltine;6;Spring-Summer;Solitary;No;Solitary;Oligolectic;Fabaceae
Megachile genalis;3.60;9.17;6.64;No;Variable;Plant tissue;Variable;Stems;CR;Yes;3;Univoltine;7;Spring-Summer;Solitary;No;Solitary;Oligolectic;Asteraceae
Megachile ligniseca;3.90;6.41;6.68;No;Aboveground;Plant tissue;Cavities;Cavities;LC;No;3;Univoltine;7;Spring-Summer;Solitary;No;Solitary;Polylectic;
Megachile pilidens;2.67;6.10;7.29;Variable;Variable;Plant tissue;Variable;Mix;CR;Yes;3;Univoltine;7;Spring-Summer;Solitary;No;Solitary;Polylectic;
Megachile rotundata;2.32;10.74;6.39;No;Variable;Plant tissue;Variable;Mix;LC;No;4;Univoltine;7;Spring-Summer;Solitary;No;Solitary;Polylectic;
Megachile versicolor;2.67;7.38;7.64;No;Aboveground;Plant tissue;Cavities;Cavities;LC;No;5;Univoltine;7;Spring-Summer;Solitary;No;Solitary;Polylectic;
Megachile willughbiella;3.59;7.29;6.32;No;Variable;Plant tissue;Variable;Mix;LC;No;3;Univoltine;7;Spring-Summer;Solitary;No;Solitary;Polylectic;
Melecta albifrons albifrons;3.23;7.17;6.46;No;Underground;Any;Soil;Underground;NT;Almost;3;Univoltine;5;Spring;Cleptoparasite;Yes;Solitary;Polylectic;
Melitta leporina;2.39;10.05;5.78;Yes;Underground;Any;Soil;Underground;NT;Almost;2;Univoltine;8;Spring-Summer;Solitary;No;Solitary;Oligolectic;Fabaceae
Melitta nigricans;2.83;8.02;6.33;Yes;Underground;Any;Soil;Underground;LC;No;4;Univoltine;8;Spring-Summer;Solitary;No;Solitary;Oligolectic;Lythrum
Melitta tricincta;2.73;9.79;6.27;Yes;Underground;Any;Soil;Underground;VU;Yes;2;Univoltine;8;Summer;Solitary;No;Solitary;Oligolectic;Orobanchaceae
Nomada alboguttata;1.70;9.49;5.25;No;Underground;Any;Soil;Underground;LC;No;6;Bivoltine;5;Spring-Summer;Cleptoparasite;Yes;Solitary;Polylectic;
Nomada bifasciata;1.96;5.98;7.27;No;Underground;Any;Soil;Underground;LC;No;4;Univoltine;5;Spring;Cleptoparasite;Yes;Solitary;Polylectic;
Nomada conjungens;1.32;9.12;6.62;No;Underground;Any;Soil;Underground;LC;No;2;Univoltine;5;Spring;Cleptoparasite;Yes;Solitary;Polylectic;
Nomada distinguenda;1.05;8.92;6.40;No;Underground;Any;Soil;Underground;EN;Yes;4;Bivoltine;7;Spring-Summer;Cleptoparasite;Yes;Solitary;Polylectic;
Nomada fabriciana;1.58;10.26;7.03;No;Underground;Any;Soil;Underground;LC;No;6;Bivoltine;6;Spring-Summer;Cleptoparasite;Yes;Solitary;Polylectic;
Nomada facilis;1.54;8.37;5.66;No;Underground;Any;Soil;Underground;LC;No;NA;Univoltine;5;NA;Cleptoparasite;Yes;Solitary;Polylectic;
Nomada flava;1.99;6.75;6.74;No;Underground;Any;Soil;Underground;LC;No;3;Univoltine;5;Spring;Cleptoparasite;Yes;Solitary;Polylectic;
Nomada flavoguttata;1.16;9.50;5.10;No;Underground;Any;Soil;Underground;LC;No;7;Bivoltine;6;Spring-Summer;Cleptoparasite;Yes;Solitary;Polylectic;
Nomada fucata;1.88;7.02;6.31;No;Underground;Any;Soil;Underground;LC;No;5;Bivoltine;6;Spring-Summer;Cleptoparasite;Yes;Solitary;Polylectic;
Nomada fuscicornis;1.76;9.86;5.33;No;Underground;Any;Soil;Underground;EN;Yes;3;Univoltine;8;Spring-Summer;Cleptoparasite;Yes;Solitary;Polylectic;
Nomada goodeniana;2.24;6.72;7.49;No;Underground;Any;Soil;Underground;LC;No;3;Bivoltine;5;Spring-Summer;Cleptoparasite;Yes;Solitary;Polylectic;
Nomada integra;1.54;8.26;5.67;No;Underground;Any;Soil;Underground;VU;Yes;4;Univoltine;6;Spring-Summer;Cleptoparasite;Yes;Solitary;Polylectic;
Nomada lathburiana;2.18;10.43;5.84;No;Underground;Any;Soil;Underground;LC;No;4;Bivoltine;6;Spring;Cleptoparasite;Yes;Solitary;Polylectic;
Nomada marshamella;2.24;6.58;6.97;No;Underground;Any;Soil;Underground;LC;No;3;Bivoltine;5;Spring-Summer;Cleptoparasite;Yes;Solitary;Polylectic;
Nomada panzeri;1.64;8.34;5.15;No;Underground;Any;Soil;Underground;LC;No;4;Univoltine;5;Spring;Cleptoparasite;Yes;Solitary;Polylectic;
Nomada ruficornis;1.81;4.90;7.10;No;Underground;Any;Soil;Underground;LC;No;3;Univoltine;5;Spring;Cleptoparasite;Yes;Solitary;Polylectic;
Nomada rufipes;1.87;7.50;5.88;No;Underground;Any;Soil;Underground;NT;Almost;3;Univoltine;8;Spring-Summer;Cleptoparasite;Yes;Solitary;Polylectic;
Nomada sheppardana;1.04;7.07;6.43;No;Underground;Any;Soil;Underground;LC;No;4;Bivoltine;6;Spring-Summer;Cleptoparasite;Yes;Solitary;Polylectic;
Nomada signata;1.91;9.36;5.63;No;Underground;Any;Soil;Underground;LC;No;3;Univoltine;5;Spring;Cleptoparasite;Yes;Solitary;Polylectic;
Nomada succincta;2.18;9.23;5.47;No;Underground;Any;Soil;Underground;LC;No;3;Univoltine;5;Spring-Summer;Cleptoparasite;Yes;Solitary;Polylectic;
Nomada zonata;1.67;8.97;6.76;No;Underground;Any;Soil;Underground;LC;No;6;Bivoltine;7;Spring-Summer;Cleptoparasite;Yes;Solitary;Polylectic;
Osmia aurulenta;2.88;9.18;5.39;No;Aboveground;Plant tissue;Snails;Snails;NT;Almost;4;Univoltine;6;Spring-Summer;Solitary;No;Solitary;Polylectic;Fabaceae
Osmia bicolor;2.70;7.75;6.40;No;Aboveground;Plant tissue;Snails;Snails;LC;No;4;Univoltine;5;Spring-Summer;Solitary;No;Solitary;Polylectic;
Osmia bicornis;3.51;8.25;6.16;No;Aboveground;Mud;Variable;Cavities;LC;No;5;Univoltine;5;Spring-Summer;Solitary;No;Solitary;Polylectic;
Osmia caerulescens;2.35;8.20;6.17;No;Aboveground;Plant tissue;Cavities;Cavities;LC;No;3;Univoltine;6;Spring-Summer;Solitary;No;Solitary;Polylectic;Long corollas
Osmia cornuta;3.36;10.08;6.42;No;Aboveground;Mud;Cavities;Cavities;LC;No;3;Univoltine;4;Spring;Solitary;No;Solitary;Polylectic;
Osmia leaiana;2.67;7.35;6.57;No;Aboveground;Plant tissue;Cavities;Cavities;LC;No;4;Univoltine;7;Spring-Summer;Solitary;No;Solitary;Oligolectic;Asteraceae
Osmia niveata;2.45;11.95;6.16;No;Aboveground;Plant tissue;Cavities;Cavities;LC;No;5;Univoltine;8;Spring-Summer;Solitary;No;Solitary;Oligolectic;Asteraceae
Osmia spinulosa;2.03;8.42;6.83;No;Aboveground;Plant tissue;Snails;Snails;NT;Almost;5;Univoltine;7;Spring-Summer;Solitary;No;Solitary;Oligolectic;Asteraceae
Panurgus calcaratus;1.73;7.44;6.65;Yes;Underground;Any;Soil;Underground;LC;No;3;Univoltine;7;Spring-Summer;Solitary;No;Solitary;Oligolectic;Asteraceae
Seladonia confusa;2.13;8.28;6.32;Yes;Underground;Any;Soil;Underground;VU;Yes;8;Social;7;All year;Primitivelyeusocial;No;Primitivelyeusocial;Polylectic;
Seladonia tumulorum;1.46;6.62;7.11;Yes;Underground;Any;Soil;Underground;LC;No;8;Social;7;All year;Primitivelyeusocial;No;Primitivelyeusocial;Polylectic;
Sphecodes albilabris;2.18;7.78;6.86;No;Underground;Any;Soil;Underground;LC;No;8;Univoltine;6;All year;Cleptoparasite;Yes;Solitary;Polylectic;
Sphecodes crassus;1.23;6.40;7.03;No;Underground;Any;Soil;Underground;LC;No;6;Univoltine;7;All year;Cleptoparasite;Yes;Solitary;Polylectic;
Sphecodes ephippius;1.45;7.77;6.34;No;Underground;Any;Soil;Underground;LC;No;6;Univoltine;7;All year;Cleptoparasite;Yes;Solitary;Polylectic;
Sphecodes geoffrellus;1.08;6.66;6.49;No;Underground;Any;Soil;Underground;LC;No;6;Univoltine;7;Spring-Summer;Cleptoparasite;Yes;Solitary;Polylectic;
Sphecodes gibbus;1.71;6.41;7.06;No;Underground;Any;Soil;Underground;LC;No;6;Univoltine;7;Spring-Summer;Cleptoparasite;Yes;Solitary;Polylectic;
Sphecodes hyalinatus;1.45;6.36;6.45;No;Underground;Any;Soil;Underground;LC;No;6;Univoltine;8;All year;Cleptoparasite;Yes;Solitary;Polylectic;
Sphecodes longulus;0.95;9.18;6.06;No;Underground;Any;Soil;Underground;LC;No;6;Univoltine;7;Spring-Summer;Cleptoparasite;Yes;Solitary;Polylectic;
Sphecodes miniatus;0.99;8.39;6.59;No;Underground;Any;Soil;Underground;LC;No;6;Univoltine;7;All year;Cleptoparasite;Yes;Solitary;Polylectic;
Sphecodes monilicornis;1.48;8.68;5.58;No;Underground;Any;Soil;Underground;LC;No;7;Univoltine;7;All year;Cleptoparasite;Yes;Solitary;Polylectic;
Sphecodes niger;1.00;9.36;5.99;No;Underground;Any;Soil;Underground;VU;Yes;6;Univoltine;7;All year;Cleptoparasite;Yes;Solitary;Polylectic;
Sphecodes pellucidus;1.65;6.20;7.10;No;Underground;Any;Soil;Underground;LC;No;6;Bivoltine;7;All year;Cleptoparasite;Yes;Solitary;Polylectic;
Sphecodes puncticeps;1.11;9.27;6.12;No;Underground;Any;Soil;Underground;LC;No;7;Univoltine;8;All year;Cleptoparasite;Yes;Solitary;Polylectic;
Sphecodes reticulatus;1.21;8.38;6.22;No;Underground;Any;Soil;Underground;LC;No;4;Univoltine;8;All year;Cleptoparasite;Yes;Solitary;Polylectic;
Sphecodes scabricollis;0.27;9.01;5.87;No;Underground;Any;Soil;Underground;EN;Yes;6;Univoltine;7;All year;Cleptoparasite;Yes;Solitary;Polylectic;
Stelis breviuscula;1.50;7.04;7.10;No;Aboveground;Any;Cavities;Cavities;LC;No;2;Univoltine;7;Summer;Cleptoparasite;Yes;Solitary;Polylectic;Asteraceae
Stelis phaeoptera;2.03;7.10;6.44;No;Aboveground;Any;Cavities;Cavities;NT;Almost;3;Univoltine;6;Spring-Summer;Cleptoparasite;Yes;Solitary;Polylectic;
Stelis punctulatissima;2.59;7.57;6.56;No;Aboveground;Any;Cavities;Cavities;LC;No;3;Univoltine;7;Summer;Cleptoparasite;Yes;Solitary;Polylectic;
Terrestribombus sp.;6.15;8.62;5.92;No;Underground;Any;Cavities;Underground;LC;No;9;Social;6;All year;Primitivelyeusocial;No;Primitivelyeusocial;Polylectic;
Trachusa byssina;3.27;6.09;7.40;Yes;Underground;Resin, leaves;Soil;Underground;LC;No;3;Univoltine;7;Summer;Solitary;No;Solitary;Oligolectic;Fabaceae
Xylocopa violacea;6.54;10.35;6.45;Yes;Aboveground;Any;Wood;Wood;LC;No;4;Univoltine;5;Spring-Summer;Solitary;No;Solitary;Polylectic;
